지점,1월,2월,3월,4월,5월,6월,7월,8월,9월,10월,11월,12월,연평균기온,최한월,최난월,연교차,1월,2월,3월,4월,5월,6월,7월,8월,9월,10월,11월,12월,연강수량,위도(도),위도(분),북남반구,경도(도),경도(분),동서반구,위도대,위도,경도,고도(m),국가,대륙/시도,1차 기후형,기후형,기온 통계 기간(년),강수 통계 기간(년),출처,CS2010연번
갈레아오(리우데자네이루),27.4,27.8,26.7,25.4,22.9,21.8,21.4,22,22.8,24.1,24.9,26.7,24.5,21.4,27.8,6.4,,,,,,,,,,,,,,22,49,S,43,15,W,저위도,22˚49´S,43˚15´W,6,브라질,남아메리카,,,1991~2020,,이과연표 2025,신규
괌,27.1,27,27.5,28.1,28.5,28.6,28,27.7,27.6,27.8,28.1,27.8,27.8,27,28.6,1.6,119.3,91.8,72,80.6,115.4,139.2,293.9,412.7,377.3,319.6,199.1,127.4,"2,348.30",13,28,N,144,47,E,저위도,13˚28´N,144˚47´E,75,미국(괌),오세아니아,A,Af,1995~2020,1991~2020,이과연표 2025,214
그랜틀리,26,25.9,26.3,26.9,27.7,27.7,27.7,27.9,27.9,27.7,27.2,26.6,27.1,25.9,27.9,2,66.1,42.2,41.5,61.4,129.5,106.9,118.2,159.1,164.6,226.3,170.6,110.1,"1,396.50",13,4,N,59,29,W,저위도,13˚4´N,59˚29´W,50,바베이도스,북아메리카,A,Aw,1991~2020,1992~2020,이과연표 2025,193
나디,26.9,27,26.8,26.2,24.9,24.1,23.4,23.5,24.3,25.3,26.1,26.7,25.4,23.4,27,3.6,368,348,358.7,193.2,100.8,58.9,49.4,64.3,67.8,87.9,133.1,222.3,"2,052.40",17,45,S,177,27,E,저위도,17˚45´S,177˚27´E,13,피지,오세아니아,A,Am,1991~2020,1991~2020,이과연표 2025,222
나소,22.1,22.4,23.1,24.7,26.3,27.9,28.9,28.9,28.4,27,24.8,23.2,25.6,22.1,28.9,6.8,44.6,49.4,55,75,144.4,220.4,145,205.1,192.3,160.4,79.2,45.4,"1,416.20",25,3,N,77,28,W,저위도,25˚3´N,77˚28´W,7,바하마,북아메리카,A,Am,1991~2020,1991~2020,이과연표 2025,182
누메아,26,26.5,25.8,24.4,22.6,21.2,20.2,20.1,21.2,22.6,23.9,25.4,23.3,20.1,26.5,6.4,106.6,131.6,160.4,123.8,93.4,79.2,73.8,69.4,40.8,37.2,44.2,63,"1,023.40",22,16,S,166,27,E,저위도,22˚16´S,166˚27´E,70,프랑스(누벨칼레도니),오세아니아,A,Aw,1991~2020,1991~2020,이과연표 2025,219
누악쇼트,21.6,23.3,24.4,24.6,25.7,26.9,27.4,28.7,29.6,29.2,25.9,22.9,25.9,21.6,29.6,8,1,0.1,0.7,0,0,3.6,10.2,46.4,51.3,7.9,1.7,8.8,131.7,18,6,N,15,57,W,저위도,18˚6´N,15˚57´W,2,모리타니,아프리카,B,BWh,1991~2020,1991~2020,이과연표 2025,119
누크(고트호프),-7.4,-8.5,-7.6,-3.1,1,4.7,7.2,6.9,3.9,0.2,-3.3,-5.4,-1,-8.5,7.2,15.7,63.7,41.2,49.1,49.7,45.6,43.3,55.3,86.4,87.2,79.3,67.5,67.5,735.8,64,10,N,51,45,W,고위도,64˚10´N,51˚45´W,80,그린란드(덴),북아메리카,E,ET,1991~2020,1991~2020,이과연표 2025,7
뉴델리,13.9,17.6,22.9,29.1,32.7,33.3,31.5,30.4,29.6,26.2,20.5,15.6,25.3,13.9,33.3,19.4,20,25.6,21.4,13,26.1,87.8,197.2,226.1,131.1,17.1,5.4,11.4,782.2,28,35,N,77,12,E,저위도,28˚35´N,77˚12´E,211,인도,아시아,B,BSh,1991~2020,1991~2020,이과연표 2025,80
뉴올리언스,12.2,14.3,17.5,20.9,24.9,27.7,28.6,28.6,26.9,22.3,16.7,13.5,21.2,12.2,28.6,16.4,131.6,103.9,111.1,131.6,142.5,193.5,168.9,179.8,132.4,93.8,98.4,104,"1,591.50",29,59,N,90,15,W,저위도,29˚59´N,90˚15´W,1,미국,북아메리카,C,Cfa,1991~2020,1991~2020,이과연표 2025,168
뉴욕,1.2,2.2,5.9,11.8,17.4,22.7,26,25.2,21.4,15.1,9.3,4.3,13.5,1.2,26,24.8,82.7,74.1,102.1,97.4,91.3,102.8,107.3,111.9,97.8,97,79.8,104.6,"1,148.80",40,46,N,73,54,W,중위도,40˚46´N,73˚54´W,7,미국,북아메리카,C,Cfa,1991~2020,1991~2020,이과연표 2025,175
니아메,24.6,27.8,31.8,34.7,34.5,32.2,29.5,28.1,29.6,31.3,29,25.6,29.9,24.6,34.7,10.1,0,0,0.5,11.6,24.9,81.2,141.7,192.3,85.8,18.2,0,0,556.2,13,29,N,2,10,E,저위도,13˚29´N,2˚10´E,223,니제르,아프리카,B,BSh,1991~2020,1991~2020,이과연표 2025,117
다롄,-3.3,-0.9,4.3,10.9,17,20.9,24,24.8,21.1,14.3,6.4,-0.5,11.6,-3.3,24.8,28.1,5.9,8,7.9,34.5,59,72.1,120.6,172.1,52,37.6,26.1,10.7,606.5,38,54,N,121,38,E,중위도,38˚54´N,121˚38´E,97,중국,아시아,D,Dwa,1991~2020,1991~2020,이과연표 2025,104
다르에스살람,28.2,28.2,27.7,26.7,26,24.6,23.8,24.1,24.9,26.1,26.9,27.9,26.3,23.8,28.2,4.4,53.4,66,167.6,259.5,162.8,22,16.5,15.3,21.8,79,121.7,135.2,"1,120.80",6,52,S,39,12,E,저위도,6˚52´S,39˚12´E,55,탄자니아,아프리카,A,Aw,1991~2020,1991~2020,이과연표 2025,132
다르엘베이다,10.8,11.3,13.5,15.5,18.8,22.7,25.7,26.5,23.5,19.9,15.2,12,18,10.8,26.5,15.7,90.5,72,60.5,57.9,39.6,9,2.2,9,26.6,51.3,100.1,85.1,603.8,36,41,N,3,13,E,중위도,36˚41´N,3˚13´E,25,알제리,아프리카,C,Csa,1991~2020,1991~2020,이과연표 2025,115
다마스쿠스,6.5,8.3,12.1,16.6,21.7,25.6,27.8,27.6,24.7,19.7,12.4,7.8,17.6,6.5,27.8,21.3,35.4,34.1,21.4,9,12,0.1,0,0,0.6,11.2,32.6,33.1,189.5,33,25,N,36,31,E,중위도,33˚25´N,36˚31´E,608,시리아,아시아,B,BSk,1991~2020,1991~2013,이과연표 2025,66
다윈,28.3,28.2,28.3,28.3,27,25.2,24.8,25.5,27.7,29,29.3,28.9,27.5,24.8,29.3,4.5,468,412.1,317.9,106.4,21.5,0.4,0,0.7,14.3,70.4,145.1,270.4,"1,827.20",12,25,S,130,53,E,저위도,12˚25´S,130˚53´E,31,오스트레일리아,오세아니아,A,Aw,1991~2020,1991~2020,이과연표 2025,229
다카,18.2,21.7,26.2,28.4,28.5,29.2,28.9,29,28.9,27.6,23.7,19.6,25.8,18.2,29.2,11,7.5,23.7,48.2,148.5,299.5,311.8,362.5,296,235.4,165.4,14.2,16,"1,928.70",23,46,N,90,23,E,저위도,23˚46´N,90˚23´E,8,방글라데시,아시아,A,Aw,1991~2020,1991~2020,이과연표 2025,신규
다카르,21.5,20.9,21.2,21.6,23.1,25.8,27.4,27.8,27.9,28.1,26.4,23.8,24.6,20.9,28.1,7.2,0,0.7,0.1,0,0.3,8.7,55.3,166.9,140.4,27.1,0.8,1,401.3,14,43,N,17,30,W,저위도,14˚43´N,17˚30´W,24,세네갈,아프리카,B,BSh,1991~2020,1991~2020,이과연표 2025,120
다클라,18.2,18.5,19.2,19.3,19.9,21,21.5,22.6,23,22.5,21.6,19.2,20.5,18.2,23,4.8,3.7,2.1,0.7,0.7,1.9,0,0.2,1.4,5.7,2.6,0.4,1.6,21,23,42,N,15,55,W,저위도,23˚42´N,15˚55´W,8,서사하라,아프리카,B,BWh,1991~2018,1991~2018,이과연표 2025,113
댈러스,8.2,10.5,14.8,18.9,23.6,28,30.1,30.1,26.1,20.1,13.8,9.2,19.5,8.2,30.1,21.9,62.2,68.2,81.2,81.1,119.8,93.4,52.3,55.5,69.4,106,64.1,72.1,925.3,32,54,N,97,2,W,중위도,32˚54´N,97˚2´W,182,미국,북아메리카,C,Cfa,1991~2020,1991~2020,이과연표 2025,169
더블린공항,5.3,5.5,6.5,8.1,10.8,13.4,15.1,15,13,10.3,7.3,5.6,9.7,5.3,15.1,9.8,61.7,52.6,53.2,54.8,56.8,64.1,63.3,71.8,61,80.1,86,72.9,778.3,53,26,N,6,15,W,중위도,53˚26´N,6˚15´W,68,아일랜드,유럽,C,Cfb,1991~2020,1991~2020,이과연표 2025,5
덴버,-0.2,0.6,5.3,8.8,14,20,23.6,22.3,17.5,10.5,4.3,-0.4,10.5,-0.4,23.6,24,11.5,10.9,25.9,48.3,53.1,42.7,61.9,52,29.4,25.1,24.5,12.6,397.9,39,46,N,104,52,W,중위도,39˚46´N,104˚52´W,"1,611",미국,북아메리카,B,BSk,1991~2020,1991~2001,이과연표 2025,173
도도마,24.1,24.2,23.7,23.3,22.7,20.9,20.3,21,22.3,24.1,24.9,24.5,23,20.3,24.9,4.6,157.1,123.1,89.8,49.7,3.6,0.3,0,0,0.2,1.9,28.4,165.9,620,6,10,S,35,46,E,저위도,6˚10´S,35˚46´E,"1,119",탄자니아,아프리카,B,BSh,1991~2020,1991~2020,이과연표 2025,신규
도하,18.2,19.3,22.5,27.4,33,35.7,36.4,35.9,33.9,30.6,25.4,20.5,28.2,18.2,36.4,18.2,,,,,,,,,,,,,,25,15,N,51,34,E,저위도,25˚15´N,51˚34´E,11,카타르,아시아,,,1991~2020,,이과연표 2025,73
두샨베,,,,,,,,,,,,,,,,,91.8,120.2,96,144.4,80.1,19.3,1.3,0.5,7.5,33.3,65.4,46.7,706.5,38,35,N,68,44,E,중위도,38˚35´N,68˚44´E,800,타지키스탄,아시아,C,Csa,,2007~2020,이과연표 2025,64
두알라,27.8,28.1,28,27.5,27.3,26.4,25.5,25.1,25.6,26,26.8,27.6,26.8,25.1,28.1,3,,,,,,,,,,,,,,4,0,N,9,44,E,저위도,4˚0´N,9˚44´E,10,카메룬,아프리카,,,1991~2020,,이과연표 2025,141
드빌트오스,3.6,3.9,6.5,9.9,13.4,16.2,18.3,17.9,14.7,10.9,7,4.2,10.5,3.6,18.3,14.7,70.8,63,57.8,41.3,59.4,70.6,85.2,83.5,78,81.2,80.1,81.6,852.5,52,5,N,5,10,E,중위도,52˚5´N,5˚10´E,1,네덜란드,유럽,C,Cfb,1991~2020,1991~2020,이과연표 2025,9
디트로이트,-3.4,-2.2,2.9,9.4,15.7,21.1,23.4,22.5,18.4,11.7,5.1,-0.3,10.4,-3.4,23.4,26.8,53.4,48.5,60.9,81.5,95.7,81.5,84.1,83.3,81.2,63.1,64.6,55.5,853.3,42,14,N,83,20,W,중위도,42˚14´N,83˚20´W,195,미국,북아메리카,D,Dfa,1991~2020,1991~2020,이과연표 2025,178
딕손(오스트로프),-24,-24.1,-20.6,-15.3,-7,1.1,5.8,6,2.5,-6.4,-16.4,-21.7,-10,-24.1,6,30.1,36.2,32.5,27.5,21.9,24.3,28.1,32.2,41,42.3,37.9,29.4,36.3,389.6,73,30,N,80,24,E,고위도,73˚30´N,80˚24´E,42,러시아,아시아,E,ET,1991~2020,1991~2020,이과연표 2025,45
라고스,27.6,28.8,29.2,28.8,28.1,26.7,25.9,25.6,25.9,26.5,27.9,27.8,27.4,25.6,29.2,3.6,,,,,,,,,,,,,,6,35,N,3,20,E,저위도,6˚35´N,3˚20´E,39,나이지리아,아프리카,,,1998~2020,,이과연표 2025,신규
라로통가,26.4,26.7,26.7,25.7,24.3,23.2,22.5,22.4,22.9,23.6,24.8,25.6,24.6,22.4,26.7,4.3,,,,,,,,,,,,,,21,12,S,159,49,W,저위도,21˚12´S,159˚49´W,7,쿡제도,오세아니아,,,1991~2020,,이과연표 2025,신규
라르나카 공항,12.1,12.4,14.5,17.7,21.9,25.6,27.9,28.4,26.1,22.7,17.9,13.9,20.1,12.1,28.4,16.3,81.2,47.6,29.6,15.8,11.8,1.9,0.5,0.3,5.4,15.9,42,95.9,347.9,34,52,N,33,37,E,중위도,34˚52´N,33˚37´E,9,키프로스,아시아,B,BSh,1991~2020,1991~2020,이과연표 2025,44
라바트,11.9,12.8,14.6,15.9,18.5,20.8,22.5,23,21.5,19.2,15.4,13.3,17.5,11.9,23,11.1,84.7,62.5,64.4,42.7,16.8,3.4,0.6,0.8,12.8,53.6,91,90.4,523.7,34,2,N,6,45,W,중위도,34˚2´N,6˚45´W,74,모로코,아프리카,C,Csa,1991~2020,1991~2020,이과연표 2025,114
라스베이거스,9.5,11.8,15.9,19.7,25,30.7,33.9,33,28.5,21.2,13.8,8.9,21,8.9,33.9,25,14.1,20.2,7.4,5.4,1.9,1.3,9.2,8,8.6,8.3,8,10.9,103.3,36,5,N,115,10,W,중위도,36˚5´N,115˚10´W,662,미국,북아메리카,B,BWh,1991~2020,1991~2020,이과연표 2025,171
라스팔마스,18.2,18.3,18.9,19.7,20.9,22.5,24.1,24.8,24.4,23.3,21.3,19.4,21.3,18.2,24.8,6.6,25.1,18,11.1,5,0.8,0.3,0,0.5,4.9,21.5,17.5,29.7,134.4,27,55,N,15,23,W,저위도,27˚55´N,15˚23´W,24,에스파냐(카나리아 제도),아프리카,B,BWh,1991~2020,1991~2020,이과연표 2025,112
라싸,-0.1,2.7,6.2,9.3,13.3,16.8,16.6,16,14.4,10,4.3,0.4,9.2,-0.1,16.8,16.9,0.9,1,3.7,8.5,30.3,84.8,140.6,127.5,58.2,6.9,0.9,0.5,463.8,29,40,N,91,8,E,저위도,29˚40´N,91˚8´E,"3,650",중국,아시아,C,Cwb,1991~2020,1991~2020,이과연표 2025,105
라파스,9,9,8.8,8.1,6.5,5.3,4.9,5.8,7.3,8.6,9.5,9.4,7.7,4.9,9.5,4.6,124.9,119.6,82,30.3,14,9.9,7.5,11,29.6,48.2,44.5,108.3,629.8,16,31,S,68,11,W,저위도,16˚31´S,68˚11´W,"4,058",볼리비아,남아메리카,E,ET,1991~2020,2001~2020,이과연표 2025,206
런던(히스로),5.7,6,8,10.5,13.7,16.8,19,18.7,15.9,12.3,8.5,6.1,11.8,5.7,19,13.3,59.7,46.6,41.7,42.6,46.9,49.7,47.2,57.7,46.1,66.3,69.3,59.6,633.4,51,28,N,0,27,W,중위도,51˚28´N,0˚27´W,24,영국,유럽,C,Cfb,1991~2020,1997~2020,이과연표 2025,4
레이캬비크,0.7,0.6,1.2,3.7,6.7,9.9,11.7,11.1,8.5,4.9,2.2,0.8,5.2,0.6,11.7,11.1,87,90.7,80.7,59.1,52.1,43.4,50.6,64.7,87,79.8,86.6,96.8,878.5,64,8,N,21,54,W,고위도,64˚8´N,21˚54´W,54,아이슬란드,유럽,C,Cfc,1991~2020,1991~2020,이과연표 2025,6
로마,7.7,8.3,10.9,13.8,18,22.4,25.2,25.6,21.3,17.2,12.6,8.7,16,7.7,25.6,17.9,,,,,,,,,,,,,,41,48,N,12,35,E,중위도,41˚48´N,12˚35´E,129,이탈리아,유럽,,,1991~2020,,이과연표 2025,39
로메,27.6,28.8,29,28.7,28.1,26.7,25.8,25.3,26.1,27.1,28.2,28.2,27.5,25.3,29,3.7,7.9,17.7,68.8,114.7,154.6,170.4,57.6,22.5,73.2,121.5,24.8,4.2,837.9,6,10,N,1,15,E,저위도,6˚10´N,1˚15´E,20,토고,아프리카,A,Aw,1991~2020,1991~2020,이과연표 2025,144
로버트필드,26.6,27.5,27.6,27.5,27.2,26.1,25.1,24.9,25.5,26.3,26.8,26.9,26.5,24.9,27.6,2.7,,,,,,,,,,,,,,6,15,N,10,21,W,저위도,6˚15´N,10˚21´W,8,라이베리아,아프리카,,,1992~2020,,이과연표 2025,148
로스앤젤레스,14.4,14.4,15.1,16.2,17.5,19.1,20.9,21.4,21.1,19.5,16.8,14.2,17.6,14.2,21.4,7.2,73,77.3,44.1,16.1,7.3,2.3,1.3,0.2,2.9,12.3,20.8,56.9,314.5,33,56,N,118,24,W,중위도,33˚56´N,118˚24´W,38,미국,북아메리카,B,BSk,1991~2020,1991~2020,이과연표 2025,170
로차,22.3,21.9,20.3,17.4,14.1,11.5,10.6,12,13.1,15.6,18.2,20.8,16.5,10.6,22.3,11.7,119.9,105.1,120.3,119.7,102.8,115.1,111.7,102.2,107.2,102.3,91.9,90.7,"1,288.90",34,29,S,54,18,W,중위도,34˚29´S,54˚18´W,18,우루과이,남아메리카,C,Cfa,1991~2020,1991~2020,이과연표 2025,209
루카,12.9,12.6,14,16.3,19.9,24.1,26.7,27.4,24.8,21.7,17.8,14.4,19.4,12.6,27.4,14.8,80,65.2,39.5,15.2,9.8,8.4,0,5.9,43.8,66.6,93.7,86.8,514.9,35,51,N,14,29,E,중위도,35˚51´N,14˚29´E,91,몰타,유럽,C,Csa,1991~2020,1993~2020,이과연표 2025,40
룩셈부르크,1.4,2.2,5.7,9.6,13.5,16.7,18.7,18.4,14.4,9.9,5.2,2.3,9.8,1.4,18.7,17.3,72.7,60.7,57.5,49.3,72.7,71.1,75.1,69,66.7,77,76.9,89.4,838.1,49,37,N,6,13,E,중위도,49˚37´N,6˚13´E,376,룩셈부르크,유럽,C,Cfb,1991~2020,1991~2020,이과연표 2025,11
룽기,27.1,27.7,28,28.2,28.1,27.1,26.1,25.8,26.6,27.2,27.6,27.8,27.3,25.8,28.2,2.4,,,,,,,,,,,,,,8,37,N,13,12,W,저위도,8˚37´N,13˚12´W,25,시에라리온,아프리카,,,1991~2020,,이과연표 2025,122
류블랴나,1,2.8,7.1,12.1,16.3,20.5,22.1,21.5,16.2,11.8,6.8,1.9,11.7,1,22.1,21.1,74,96.6,90.2,94.6,117.1,123,122.9,122.7,170.6,127.9,127.1,110.8,"1,377.50",46,3,N,14,30,E,중위도,46˚3´N,14˚30´E,299,슬로베니아,유럽,C,Cfa,1999~2020,1999~2020,이과연표 2025,33
리마,22.8,23.6,23.1,21.1,19.2,17.9,17.3,16.5,16.7,17.6,19,20.8,19.6,16.5,23.6,7.1,0.1,0.5,0.3,0.1,0.1,0,0.1,0.1,0.5,0,0.1,0.2,2.1,12,1,S,77,7,W,저위도,12˚1´S,77˚7´W,12,페루,남아메리카,B,BWh,1991~2020,1998~2020,이과연표 2025,205
리브르빌,27.4,27.7,27.6,27.5,27.3,26,25,25.1,25.9,26.2,26.5,27.1,26.6,25,27.7,2.7,,,,,,,,,,,,,,0,27,N,9,25,E,저위도,0˚27´N,9˚25´E,12,가봉,아프리카,,,1991~2020,,이과연표 2025,신규
리스보아,11.6,12.3,14.5,15.8,18.3,20.9,22.6,23.2,21.5,18.6,14.7,12.4,17.2,11.6,23.2,11.6,95.8,76.3,73.7,71.7,51.7,16.3,2.3,7.6,35.5,100.1,132,99.6,762.6,38,43,N,9,9,W,중위도,38˚43´N,9˚9´W,77,포르투갈,유럽,C,Csa,1991~2020,1991~2020,이과연표 2025,19
리야드,14.6,17.6,21.6,27.3,33.1,35.9,36.9,37,33.7,28.4,21.4,16.5,27,14.6,37,22.4,15.1,8.1,24.2,36.1,6.5,0,0.1,0.4,0,0.9,15.1,20.8,127.3,24,42,N,46,44,E,저위도,24˚42´N,46˚44´E,635,사우디아라비아,아시아,B,BWh,1991~2020,1991~2017,이과연표 2025,69
리옹,4,5.1,9,12.2,16.3,19.9,22.4,22.1,17.8,13.5,8,4.7,12.9,4,22.4,18.4,,,,,,,,,,,,,,45,43,N,4,56,E,중위도,45˚43´N,4˚56´E,200,프랑스,유럽,,,1991~2020,,이과연표 2025,14
마나과,26.6,27.3,28.3,29.5,29,27.6,27.3,27.6,27.2,26.9,26.6,26.6,27.5,26.6,29.5,2.9,33,4.2,2.1,41.9,145,144.9,139.6,141.8,184.9,278.1,110.1,6.5,"1,232.10",12,9,N,86,10,W,저위도,12˚9´N,86˚10´W,56,니카라과,북아메리카,A,Aw,1992~2020,1993~2019,이과연표 2025,190
마나우스,26.8,26.6,26.8,26.8,27.1,27.3,27.5,28.3,28.6,28.4,28.2,27.2,27.5,26.6,28.6,2,306.6,300.1,333.5,326.4,228.9,114.3,72.8,56.2,76.9,114.9,192.2,258.4,"2,381.20",3,8,S,60,1,W,저위도,3˚8´S,60˚1´W,72,브라질,남아메리카,A,Am,1991~2020,1991~2020,이과연표 2025,199
마닐라,26.4,26.9,28.2,29.7,29.8,29.1,28,27.7,27.8,27.9,27.7,26.8,28,26.4,29.8,3.4,,,,,,,,,,,,,,14,30,N,121,0,E,저위도,14˚30´N,121˚0´E,14,필리핀,아시아,,,1991~2020,,이과연표 2025,240
마당,,,,,,,,,,,,,,,,,318.1,286.1,375.4,393.6,351,204.4,148.7,81.6,136.6,206.5,289.5,390.3,"3,181.80",5,13,S,145,48,E,저위도,5˚13´S,145˚48´E,3,파푸아뉴기니,오세아니아,,,,1991~2020,이과연표 2025,226
마드리드,6.5,8,11.3,13.6,17.5,22.7,26.1,25.7,21,15.4,9.9,7,15.4,6.5,26.1,19.6,31.5,33.5,33,47.2,49,21.5,10.5,10.1,23,61.4,54.3,47.8,422.8,40,24,N,3,40,W,중위도,40˚24´N,3˚40´W,667,에스파냐,유럽,B,BSk,1991~2020,1991~2020,이과연표 2025,17
마르세유(마리냐네),7.3,7.9,11.2,14.2,18.3,22.4,25,24.7,20.6,16.6,11.4,8.1,15.6,7.3,25,17.7,46.8,29.7,29.4,51.3,37.7,27.9,10.7,23.9,82,72.2,75.8,41.9,529.3,43,26,N,5,12,E,중위도,43˚26´N,5˚12´E,21,프랑스,유럽,C,Csa,1991~2020,1991~2020,이과연표 2025,15
마운,26.7,26.4,25.9,24,21,18.2,17.9,21.2,25.5,28.7,28.2,27.1,24.2,17.9,28.7,10.8,,,,,,,,,,,,,,19,59,S,23,25,E,저위도,19˚59´S,23˚25´E,945,보츠와나,아프리카,,,1991~2020,,이과연표 2025,신규
마이애미,20.4,21.6,22.9,24.9,26.8,28.2,29,29,28.3,26.8,23.8,21.8,25.3,20.4,29,8.6,46.6,54.5,63.1,84.9,157,266.9,188,241.8,259.3,192.6,89.9,62,"1,706.60",25,45,N,80,23,W,저위도,25˚45´N,80˚23´W,4,미국,북아메리카,A,Am,1991~2020,1991~2020,이과연표 2025,166
마주로,27.9,27.9,28,28,28.1,28,28.1,28.1,28.2,28.2,28.1,27.9,28,27.9,28.2,0.3,196.1,202.7,197.3,267.9,263.1,269,297.8,289.8,324.4,344.6,327.1,285.6,"3,265.40",7,5,N,171,23,E,저위도,7˚5´N,171˚23´E,3,마셜제도,오세아니아,A,Af,1991~2020,1991~2020,이과연표 2025,215
마푸투,26.7,26.9,26.1,24.3,22.3,20.3,19.7,20.9,22.4,23.3,24.7,26.2,23.7,19.7,26.9,7.2,,,,,,,,,,,,,,25,55,S,32,34,E,저위도,25˚55´S,32˚34´E,39,모잠비크,아프리카,,,1991~2020,,이과연표 2025,150
마프라크,8,9.4,12.7,16.6,21.2,23.8,25.7,25.7,23.9,20.2,14.2,9.5,17.6,8,25.7,17.7,35.5,30.8,16.2,6.5,1.7,0.3,0,0,0,4.4,14.2,27.6,137.2,32,22,N,36,15,E,중위도,32˚22´N,36˚15´E,683,요르단,아시아,B,BWk,1991~2020,1998~2020,이과연표 2025,신규
만지니,24.8,25.1,24.3,22,20.5,18.6,18.2,20.1,21.7,22.3,23.2,24.4,22.1,18.2,25.1,6.9,,,,,,,,,,,,,,26,32,S,31,18,E,저위도,26˚32´S,31˚18´E,641,에스와티니,아프리카,,,1997~2017,,이과연표 2025,신규
메시나,12.4,12.3,13.9,16.1,19.9,24.2,27.1,27.7,24.3,20.9,17.1,13.8,19.1,12.3,27.7,15.4,116.3,88.9,105.1,61.8,33.1,41.9,18.9,23.7,94.5,102.8,126.9,123.9,937.8,38,11,N,15,32,E,중위도,38˚11´N,15˚32´E,50,이탈리아,유럽,C,Csa,1991~2020,1991~2020,이과연표 2025,신규
멕시코시티,14.4,16.5,18.1,19.7,19.8,18.5,17.5,17.6,17.2,16.6,15.4,14.9,17.2,14.4,19.8,5.4,6.8,2.7,13,43.1,80,185,234.9,191.9,151.7,72.7,12.2,9.2,"1,003.20",19,24,N,99,11,W,저위도,19˚24´N,99˚11´W,"2,309",멕시코,북아메리카,C,Cwb,1991~2020,1991~2020,이과연표 2025,181
멜버른,20.2,20.2,18.3,15.1,12.3,10.1,9.5,10.2,12,14,16.3,18.2,14.7,9.5,20.2,10.7,31.9,41.4,38.4,43.4,33.1,38.3,32.5,38.7,39.2,46.5,61.1,54.8,499.3,37,39,S,144,49,E,중위도,37˚39´S,144˚49´E,132,오스트레일리아,오세아니아,C,Cfb,1991~2020,1999~2020,이과연표 2025,235
모스크바,-6.2,-5.9,-0.7,6.9,13.6,17.3,19.7,17.6,11.9,5.8,-0.5,-4.4,6.3,-6.2,19.7,25.9,53.2,44,39,36.6,61.2,77.4,83.8,78.3,66.1,70.1,51.9,51.4,713,55,50,N,37,37,E,중위도,55˚50´N,37˚37´E,147,러시아,유럽,D,Dfb,1991~2020,1991~2020,이과연표 2025,52
몬트리올,-10,-8.2,-2.4,5.8,13.9,19,20.8,20.1,15,8.3,2.2,-5.7,6.6,-10,20.8,30.8,100.1,68.4,71.3,85.7,80.5,83.3,85.2,76.8,83.6,65.1,79.1,66.8,945.9,45,28,N,73,45,W,중위도,45˚28´N,73˚45´W,35,캐나다,북아메리카,D,Dfb,1991~2001,1991~2001,이과연표 2025,161
몸바사,27.7,28.1,28.7,27.6,26.2,25.2,24.3,24.3,25.2,26.1,26.9,27.6,26.5,24.3,28.7,4.4,,,,,,,,,,,,,,4,0,S,39,36,E,저위도,4˚0´S,39˚36´E,5,케냐,아프리카,,,1991~2020,,이과연표 2025,신규
무스카트,21.1,22.2,24.9,29.4,34.1,34.8,33.3,31.7,30.9,29.4,25.6,22.5,28.3,21.1,34.8,13.7,14,11.3,7.9,7.4,1.4,0,0.1,0.1,0.1,0.5,7.9,12.1,62.8,23,35,N,58,17,E,저위도,23˚35´N,58˚17´E,8,오만,아시아,B,BWh,1991~2020,1991~2020,이과연표 2025,75
뭄바이,24.9,25.5,27.3,29.2,30.7,29.3,27.7,27.5,27.9,29.1,28.7,26.7,27.9,24.9,30.7,5.8,0.6,1,1.3,0.8,6,516.5,790.5,483.3,352.8,86.3,8.8,2.8,"2,250.70",18,54,N,72,49,E,저위도,18˚54´N,72˚49´E,9,인도,아시아,A,Aw,1991~2020,1991~2020,이과연표 2025,83
뮌헨,-0.2,0.7,4.8,9.2,13.6,17.1,18.8,18.5,13.8,9.2,4,0.7,9.2,-0.2,18.8,19,49.3,33.9,41.9,47.6,85.6,103.2,93.8,84.4,56.3,52,41.4,47.3,736.7,48,20,N,11,48,E,중위도,48˚20´N,11˚48´E,445,독일,유럽,C,Cfb,1991~2020,1993~2020,이과연표 2025,23
미니애폴리스,-8.9,-6.4,0.6,8.2,15.2,20.8,23.4,22,17.4,9.6,1.5,-5.6,8.2,-8.9,23.4,32.3,22.4,22,42.8,74.3,99.2,116.3,103.1,108.4,76.7,65.2,40.8,29.9,801.1,44,53,N,93,13,W,중위도,44˚53´N,93˚13´W,256,미국,북아메리카,D,Dfa,1991~2020,1991~2020,이과연표 2025,179
민스크,-4.2,-3.6,0.7,7.6,13.4,17.1,19.1,18.2,12.7,6.7,1.4,-2.4,7.2,-4.2,19.1,23.3,46.6,39.5,41.7,43,66.2,78,97.1,69.9,52,55.6,49.8,46.1,685.5,53,55,N,27,38,E,중위도,53˚55´N,27˚38´E,223,벨라루스,유럽,D,Dfb,1991~2020,1991~2020,이과연표 2025,51
바레인,17.5,18.4,21.4,26,31.1,34,35.1,35.2,33.3,29.9,24.6,19.7,27.2,17.5,35.2,17.7,17,12.8,18.5,5.8,0.5,0,0.2,0,0.3,0.3,20.9,14.5,90.8,26,16,N,50,39,E,저위도,26˚16´N,50˚39´E,2,바레인,아시아,B,BWh,1991~2020,1991~2020,이과연표 2025,72
바르샤바,-1.5,-0.4,3.2,9.2,14.3,17.7,19.7,19.1,14,8.6,3.9,-0.1,9,-1.5,19.7,21.2,32.6,29.6,29.2,34.4,56.2,61.8,82.3,60.6,51.6,41.1,36.2,36.6,552.2,52,9,N,20,57,E,중위도,52˚9´N,20˚57´E,106,폴란드,유럽,C,Cfb,1991~2020,1991~2020,이과연표 2025,27
바르셀로나,9.6,10,12.1,14.3,18,21.7,24.6,25.1,22,18.2,13.3,10.3,16.6,9.6,25.1,15.5,35.5,31,38.1,38,45.8,25.7,24.3,55,81.5,79,44.3,40.7,538.9,41,17,N,2,4,E,중위도,41˚17´N,2˚4´E,4,에스파냐,유럽,C,Csa,1991~2020,1991~2015,이과연표 2025,16
바마코,25,28.1,30.9,32.4,31.4,28.8,26.4,25.6,26.1,27.2,26.8,25.2,27.8,25,32.4,7.4,0.4,0,5.4,14.8,72.3,116.5,239.3,270.3,176.1,54.3,1.9,0,951.3,12,32,N,7,57,W,저위도,12˚32´N,7˚57´W,380,말리,아프리카,A,Aw,1991~2020,1991~2020,이과연표 2025,118
바쿠,5,5.3,8.1,12.5,18.8,24.4,26.6,26.7,22.5,16.8,11.4,7.3,15.5,5,26.7,21.7,,,,,,,,,,,,,,40,32,N,50,0,E,중위도,40˚32´N,50˚0´E,27,아제르바이잔,아시아,,,2003~2020,,이과연표 2025,신규
발릭파판,27.1,27.2,27.4,27.5,27.9,27.5,27.3,27.5,27.8,27.8,27.6,27.3,27.5,27.1,27.9,0.8,206,239.1,246,243,262.6,329.8,277.7,173.6,196.9,177.3,231.9,291.1,"2,875.00",1,16,S,116,54,E,저위도,1˚16´S,116˚54´E,3,인도네시아,아시아,A,Af,1992~2020,1996~2020,이과연표 2025,238
방기,25.4,27.2,27.6,27,26.6,25.7,24.9,25,25.1,25.2,25.6,25.3,25.9,24.9,27.6,2.7,,,,,,,,,,,,,,4,24,N,18,31,E,저위도,4˚24´N,18˚31´E,365,중앙아프리카,아프리카,,,1992~2020,,이과연표 2025,신규
방콕,27.6,28.7,29.8,30.8,30.5,29.8,29.3,29.1,28.7,28.5,28.4,27.4,29.1,27.4,30.8,3.4,24.2,19.4,53.6,92.7,215.4,209.9,182.9,212,343.6,304,46.5,13.5,"1,717.70",13,43,N,100,33,E,저위도,13˚43´N,100˚33´E,3,타이,아시아,A,Aw,1991~2020,1991~2020,이과연표 2025,93
밴쿠버,3.9,5.2,7.1,9.7,12.9,15.5,17.7,18.1,15,10.3,6.1,3.9,10.5,3.9,18.1,14.2,171.9,99.9,105.7,94.8,68.3,62.9,47.7,44.4,44.8,114.8,177.1,168.4,"1,200.70",49,11,N,123,10,W,중위도,49˚11´N,123˚10´W,4,캐나다,북아메리카,C,Cfb,1991~2001,1991~2001,이과연표 2025,164
베로나,3,4.9,9.3,13.3,18.3,22.2,24.7,24.4,19.7,13.9,8.4,3.6,13.8,3,24.7,21.7,33.1,30.9,38.4,70.5,60.6,72.1,61.4,79.7,86.1,88.5,72.1,52.1,745.5,45,23,N,10,52,E,중위도,45˚23´N,10˚52´E,73,이탈리아,유럽,C,Cfa,1991~2020,1991~2005,이과연표 2025,38
베를린,1.2,2.1,5.2,10.2,14.6,18,20.1,19.7,15.3,10.2,5.4,2.3,10.4,1.2,20.1,18.9,49.3,36.8,41.3,30.2,50,57.4,71.4,58.1,46.1,44.7,42.6,42.3,570.2,52,28,N,13,24,E,중위도,52˚28´N,13˚24´E,48,독일,유럽,C,Cfb,1991~2020,1991~2020,이과연표 2025,21
베오그라드,1.9,3.8,8.3,13.5,18.2,21.8,23.7,23.8,18.6,13.3,8.1,2.9,13.2,1.9,23.8,21.9,47.2,43.5,49.7,51.2,72.2,97.6,62.1,53,53.8,54.8,47.8,55.5,688.4,44,48,N,20,28,E,중위도,44˚48´N,20˚28´E,132,세르비아,유럽,C,Cfa,1991~2020,1991~2020,이과연표 2025,29
베이징,-2.8,0.6,7.5,15.1,21.3,25.3,27.2,26,21.2,13.8,5.2,-1,13.3,-2.8,27.2,30,2.1,5.6,8.5,21.9,36.5,72.7,170.6,114.1,53.3,29.3,13.7,2.5,530.8,39,56,N,116,17,E,중위도,39˚56´N,116˚17´E,32,중국,아시아,B,BSk,1991~2020,1991~2020,이과연표 2025,103
베이트 다잔,12.9,13.7,15.9,18.9,22,24.8,27,27.6,26.2,23.4,18.9,14.7,20.5,12.9,27.6,14.7,153.1,87.7,57.7,14.6,3.7,0.6,0,0,1.3,26.5,72.8,132.9,550.9,32,0,N,34,49,E,중위도,32˚0´N,34˚49´E,35,이스라엘,아시아,C,Csa,1991~2020,1991~2020,이과연표 2025,신규
벨리즈,24.3,25.2,26.1,27.8,28.5,28.7,28.5,28.6,28.4,27.3,25.7,24.8,27,24.3,28.7,4.4,146.6,67.3,44.4,39.5,116.3,258.6,180.7,203.4,240,299,249.7,148.8,"1,994.30",17,32,N,88,18,W,저위도,17˚32´N,88˚18´W,5,벨리즈,북아메리카,A,Am,1991~2020,1991~2020,이과연표 2025,187
보고타,13.2,13.7,13.9,14.2,14.1,13.8,13.4,13.4,13.5,13.4,13.6,13.4,13.6,13.2,14.2,1,26.3,51.4,97.2,117.1,110.7,64.9,51.6,46.4,60.5,103.2,109.7,56,895,4,42,N,74,9,W,저위도,4˚42´N,74˚9´W,"2,547",콜롬비아,남아메리카,C,Cfb,1991~2020,1991~2020,이과연표 2025,195
보스턴,-1,0,3.6,9.3,14.7,20.1,23.5,22.8,18.8,12.8,7.2,2.2,11.2,-1,23.5,24.5,83.7,80.4,105,91.2,82.5,100.6,81.9,80.1,90.3,101.2,92.9,109.3,"1,099.10",42,22,N,71,2,W,중위도,42˚22´N,71˚2´W,6,미국,북아메리카,C,Cfa,1991~2020,1991~2020,이과연표 2025,176
보스토크(러),-31.6,-44.3,-58.1,-64.3,-65.1,-65.5,-66.4,-66.7,-65.3,-56.3,-41.3,-31.2,-54.7,-66.7,-31.2,35.5,2.5,2,2.5,2.5,3.4,2.8,2.4,2.3,2.6,2.9,2.1,2.1,30.1,78,27,S,106,51,E,고위도,78˚27´S,106˚51´E,"3,488",남극,남극,E,EF,1997~2020,1997~2020,이과연표 2025,212
볼라마,,,,,,,,,,,,,,,,,0.3,0.3,0.2,0.7,19.1,218.4,572.5,591.1,434.2,250.7,24.9,0.1,"2,112.50",11,35,N,15,29,W,저위도,11˚35´N,15˚29´W,18,기니비사우,아프리카,,,,1991~2010,이과연표 2025,121
부다페스트,0,2,6.5,12.4,16.9,20.7,22.5,22.2,16.9,11.4,5.9,0.9,11.5,0,22.5,22.5,31,31,31.9,34.5,66.2,65.5,73.6,58.8,51.4,44.1,46.8,38.5,573.3,47,26,N,19,11,E,중위도,47˚26´N,19˚11´E,138,헝가리,유럽,C,Cfa,1991~2020,1991~2020,이과연표 2025,28
부산,3.6,5.4,9.1,13.7,17.9,21.1,24.4,26.1,22.6,17.9,12,5.8,15,3.6,26.1,22.5,34.3,49.7,89.6,140.9,154.3,188.4,326.9,266.5,160.5,79.7,50.6,32.9,"1,574.30",35,6,N,129,1,E,중위도,35˚6´N,129˚1´E,70,대한민국,부산,C,Cfa,1991~2020,1991~2020,이과연표 2025,91
부에노스아이레스,24.9,23.8,22.1,18.2,15,12.2,11.2,13.3,14.8,17.8,20.8,23.4,18.1,11.2,24.9,13.7,153.1,115.3,125.1,139.3,101.5,67.2,67.9,72.8,65.9,115.7,117.8,114.5,"1,256.10",34,35,S,58,29,W,중위도,34˚35´S,58˚29´W,25,아르헨티나,남아메리카,C,Cfa,1991~2020,1991~2006,이과연표 2025,210
부쿠레슈티,-1.5,0.7,5.6,11.4,16.8,21.1,23,22.4,16.9,10.8,5.3,0,11,-1.5,23,24.5,41.1,33.8,41.7,53.8,71.3,82.5,68.4,47.5,63.6,58.9,44,46.5,653.1,44,30,N,26,4,E,중위도,44˚30´N,26˚4´E,90,루마니아,유럽,C,Cfa,1991~2020,1991~2020,이과연표 2025,36
브라질리아,22.1,22.2,22,21.8,20.5,19.5,19.5,21.1,23,23.3,22,22,21.6,19.5,23.3,3.8,206.8,181.1,223.4,142.8,31,3.7,1.6,15.6,38.1,151.5,239.8,243.7,"1,479.10",15,47,S,47,56,W,저위도,15˚47´S,47˚56´W,"1,159",브라질,남아메리카,A,Aw,1991~2020,1991~2020,이과연표 2025,201
브루나이,27.1,27.2,27.7,28.1,28.2,27.9,27.7,27.8,27.7,27.3,27.3,27.2,27.6,27.1,28.2,1.1,337.3,194.5,161,247,271.8,234.8,254.7,243.6,232.2,330.9,331.3,398.1,"3,237.20",4,56,N,114,56,E,저위도,4˚56´N,114˚56´E,22,브루나이,아시아,A,Af,1991~2020,1991~2020,이과연표 2025,237
브뤼셀(우클레),3.7,4.2,7.1,10.4,13.9,16.7,18.7,18.4,15.2,11.3,7.2,4.3,10.9,3.7,18.7,15,76.3,65.7,58.5,46.6,59,72.1,76.2,88.8,65.6,67.8,76.6,87.6,840.8,50,48,N,4,21,E,중위도,50˚48´N,4˚21´E,99,벨기에,유럽,C,Cfb,1991~2020,1991~2020,이과연표 2025,10
브리즈번,25.2,24.9,23.7,21.1,18.2,15.8,15,15.8,18.4,20.5,22.5,24,20.4,15,25.2,10.2,126.9,151.5,118,67.5,93.5,66.3,33.4,33.4,32.5,77,88.7,122.9,"1,011.60",27,23,S,153,7,E,저위도,27˚23´S,153˚7´E,4,오스트레일리아,오세아니아,C,Cfa,1991~2020,1991~2020,이과연표 2025,232
블라디보스토크,-11.9,-8.1,-1.5,5.3,10,13.8,18.1,20,16.3,9.3,-0.7,-9.2,5.1,-11.9,20,31.9,11.4,16,24.4,43,97.2,101.5,157.8,176,103.3,67.4,35.9,22,855.9,43,7,N,131,55,E,중위도,43˚7´N,131˚55´E,187,러시아,아시아,D,Dwb,1991~2020,1991~2020,이과연표 2025,55
비슈케크,-2.6,-0.5,6.2,12.8,17.9,22.9,25.5,24.2,18.6,11.6,4.3,-1,11.7,-2.6,25.5,28.1,28.2,38,52.5,77.4,64.5,37.9,19.2,14.2,19.4,38.4,46,37.9,473.6,42,51,N,74,32,E,중위도,42˚51´N,74˚32´E,756,키르기스스탄,아시아,C,Csa,1991~2020,1991~2020,이과연표 2025,62
비엔티안,23.3,25.2,27.9,29.7,29.1,28.7,28.3,27.9,28,27.6,26,23.4,27.1,23.3,29.7,6.4,20.6,31.4,51.7,98.6,195.1,229.9,296.6,329.5,257.7,101.2,23.3,5,"1,640.60",17,57,N,102,34,E,저위도,17˚57´N,102˚34´E,171,라오스,아시아,A,Aw,1991~2020,1991~2020,이과연표 2025,97
빈,0.8,2.3,6.1,11.3,15.8,19.6,21.4,20.9,15.7,10.5,5.8,1.5,11,0.8,21.4,20.6,42.1,37.7,52.1,41.8,79.9,70.4,78.2,66,64.5,47,45.9,46.4,672,48,14,N,16,21,E,중위도,48˚14´N,16˚21´E,198,오스트리아,유럽,C,Cfb,1991~2020,1991~2020,이과연표 2025,24
빈트후크,24.7,23.5,22.6,20.4,18.2,15.3,14.9,17.6,21.3,23.6,23.9,24.7,20.9,14.9,24.7,9.8,107,105.4,90.8,37.9,8,0.1,0,0.2,2.6,9.5,15.9,38.7,416.1,22,34,S,17,6,E,저위도,22˚34´S,17˚6´E,"1,725",나미비아,아프리카,B,BSh,1991~2020,1991~2016,이과연표 2025,154
사라예보,0.4,2.2,6,10.4,14.8,18.6,20.5,20.6,15.8,11.3,6.3,1.1,10.7,0.4,20.6,20.2,72.3,68.8,70.2,76.2,94.9,91.1,79.8,64,88.2,90.8,79.4,81.4,957.1,43,52,N,18,26,E,중위도,43˚52´N,18˚26´E,630,보스니아 헤르체코비나,유럽,C,Cfb,1991~2020,2001~2020,이과연표 2025,35
사우바도르,26.9,27.2,27.1,26.4,25.3,24.4,23.7,23.6,24.3,25.3,26.1,26.6,25.6,23.6,27.2,3.6,79.9,96.9,147.5,284.8,306.6,251.9,192.9,125.5,99.4,91,100.5,66.8,"1,843.70",13,1,S,38,31,W,저위도,13˚1´S,38˚31´W,52,브라질,남아메리카,A,Af,1991~2020,1991~2020,이과연표 2025,200
사처(카스),-5,0.8,9.5,16.7,20.8,24.4,25.8,24.3,19.9,12.8,4.8,-2.6,12.7,-5,25.8,30.8,,,,,,,,,,,,,,38,26,N,77,16,E,중위도,38˚26´N,77˚16´E,"1,232",중국,아시아,,,1991~2020,,이과연표 2025,신규
산토도밍고,25.3,25.5,26,26.6,27.3,27.8,27.8,28,28,27.8,27,26,26.9,25.3,28,2.7,,,,,,,,,,,,,,18,26,N,69,53,W,저위도,18˚26´N,69˚53´W,14,도미니카,북아메리카,,,1991~2020,,이과연표 2025,185
산후안,25.2,25.4,25.9,26.7,27.6,28.3,28.4,28.6,28.4,28.1,26.9,26,27.1,25.2,28.6,3.4,103.2,63.8,51.9,114.8,137.2,113.2,152,155.2,145.9,129.8,177.7,123.6,"1,468.30",18,25,N,65,59,W,저위도,18˚25´N,65˚59´W,4,미국(푸에르토리코),북아메리카,A,Am,1991~2020,1991~2020,이과연표 2025,186
상트페테르부르크,-4.9,-5,-1,5.2,11.5,16.1,19.1,17.4,12.4,6.2,0.9,-2.5,6.3,-5,19.1,24.1,46.4,35.8,34.6,37,47,68.6,84.1,86.4,57,63.5,56.7,51,668.1,59,58,N,30,18,E,중위도,59˚58´N,30˚18´E,3,러시아,유럽,D,Dfb,1991~2020,1991~2020,이과연표 2025,48
상파울루,23.2,23.7,22.8,21.4,18.5,17.7,17.3,18.3,19.3,20.7,21.4,22.9,20.6,17.3,23.7,6.4,286.6,242.4,196.3,90.3,65.5,63.3,53,36.3,79.5,118.4,143.6,233.1,"1,608.30",23,30,S,46,37,W,저위도,23˚30´S,46˚37´W,792,브라질,남아메리카,C,Cfa,1991~2020,1991~2020,이과연표 2025,203
상하이,5,6.5,10.3,15.7,20.9,24.4,28.8,28.5,24.8,19.7,13.9,7.5,17.2,5,28.8,23.8,67.5,62.9,81,77.2,90.6,181.5,144.1,215.5,122.2,61.5,60.5,47.4,"1,211.90",31,25,N,121,27,E,중위도,31˚25´N,121˚27´E,9,중국,아시아,C,Cfa,1991~2020,1991~2020,이과연표 2025,109
샌프란시스코,10.7,11.8,13,13.9,15.4,16.9,17.7,18.2,18.2,16.9,13.4,10.7,14.7,10.7,18.2,7.5,98.8,100.2,69.4,35.2,13.3,3.8,0,1,1.9,20,50.3,105.9,499.8,37,37,N,122,23,W,중위도,37˚37´N,122˚23´W,6,미국,북아메리카,C,Csb,1991~2020,1991~2020,이과연표 2025,174
서울,-1.9,0.7,6.1,12.6,18.3,22.7,25.3,26.1,21.7,15.1,7.5,0.2,12.9,-1.9,26.1,28,16.4,28.1,36.9,71.7,103.7,129.6,414.5,348.3,141.6,52.1,51.2,23.7,"1,417.80",37,34,N,126,57,E,중위도,37˚34´N,126˚57´E,86,대한민국,서울,C,Cwa,1991~2020,1991~2020,이과연표 2025,90
선양,-11.4,-6.2,1.8,10.8,17.8,22.2,24.9,23.8,17.9,9.8,0.3,-8.4,8.6,-11.4,24.9,36.3,5.8,10,17,35.3,63.9,92.8,167,163.7,51,43.9,22.3,12.3,685,41,44,N,123,31,E,중위도,41˚44´N,123˚31´E,49,중국,아시아,D,Dwa,1991~2020,1991~2020,이과연표 2025,102
세이셸,27.2,27.8,28.2,28.5,28.3,27.2,26.3,26.3,26.9,27.3,27.3,27.3,27.4,26.3,28.5,2.2,420,237.8,201.3,185.2,144.7,92.1,79.5,132.5,174.5,202.1,236.8,296.2,"2,402.70",4,40,S,55,31,E,저위도,4˚40´S,55˚31´E,3,세이셸,아프리카,A,Af,1991~2020,1991~2020,이과연표 2025,133
소피아,-0.7,1.4,5.6,10.7,15.2,19.2,21.5,21.3,16.6,11.4,5.7,0.7,10.7,-0.7,21.5,22.2,35.3,36.3,46.6,52.9,71,78.2,64.8,60.5,52.7,53.9,37.5,40.2,629.9,42,39,N,23,23,E,중위도,42˚39´N,23˚23´E,595,불가리아,유럽,C,Cfb,1991~2020,1991~2020,이과연표 2025,37
스코페,0.9,4,9.2,14.1,17.8,22.3,25,25.1,20.1,14.1,9,2.8,13.7,0.9,25.1,24.2,,,,,,,,,,,,,,42,1,N,21,24,E,중위도,42˚1´N,21˚24´E,302,마케도니아,유럽,,,2002~2020,,이과연표 2025,31
스톡홀름,-0.9,-1,1.7,6.4,11.5,15.9,18.8,17.8,13.2,7.7,3.6,0.7,8,-1,18.8,19.8,38.5,30.7,26.6,26.9,35.5,63.7,56.9,60.8,49.9,47.5,45.1,46.9,529,59,21,N,18,4,E,중위도,59˚21´N,18˚4´E,44,스웨덴,유럽,C,Cfb,1991~2020,1991~2020,이과연표 2025,2
슬리악,-2.5,-0.7,3.9,9.9,14.6,18.2,19.9,19.4,14.3,8.9,4,-1.4,9,-2.5,19.9,22.4,47.6,42.7,43.3,45.5,63.6,80,99.3,60.2,58,63,58.8,52,714,48,39,N,19,9,E,중위도,48˚39´N,19˚9´E,314,슬로바키아,유럽,C,Cfb,1991~2020,1991~2020,이과연표 2025,26
시드니,23.5,23.3,21.9,19.2,16.2,13.9,13.1,14.1,16.7,18.8,20.4,22.1,18.6,13.1,23.5,10.4,79.3,115.5,94.2,94.4,88.6,120.4,67.7,63.9,56.8,54.7,70.2,67.3,973,33,56,S,151,10,E,중위도,33˚56´S,151˚10´E,6,오스트레일리아,오세아니아,C,Cfa,1991~2020,1991~2020,이과연표 2025,234
시안,0.5,4,9.4,15.9,20.9,25.8,27.7,25.4,20.7,14.2,7.4,1.7,14.5,0.5,27.7,27.2,6.5,6,26.9,36.7,50.2,65,91.3,79.6,81.1,63.4,24.1,8.2,539,34,18,N,108,56,E,중위도,34˚18´N,108˚56´E,398,중국,아시아,B,BSk,1991~2005,1991~2005,이과연표 2025,107
시애틀,5.7,6.3,8,10.4,13.8,16.3,19.2,19.3,16.6,11.7,7.7,5.2,11.7,5.2,19.3,14.1,146.8,96,106.2,81.1,49,36.8,15.1,24.6,40.6,99.2,159.5,148.4,"1,003.30",47,27,N,122,18,W,중위도,47˚27´N,122˚18´W,130,미국,북아메리카,C,Csb,1991~2020,1991~2020,이과연표 2025,180
시카고,-4.3,-2.3,3.4,9.4,15.4,20.9,23.7,22.7,18.6,11.8,4.7,-1.3,10.2,-4.3,23.7,28,50.4,48.4,62.5,92.9,114.3,104.2,92.7,107.6,79.7,87.2,60.7,53.2,953.8,41,59,N,87,54,W,중위도,41˚59´N,87˚54´W,203,미국,북아메리카,D,Dfa,1991~2020,1991~2020,이과연표 2025,177
싱가포르,26.8,27.3,27.9,28.2,28.6,28.5,28.2,28.1,28,27.9,27.2,26.8,27.8,26.8,28.6,1.8,221,104.9,151.1,164,164.3,136.5,144.9,148.8,133.4,166.5,254.2,333.1,"2,122.70",1,22,N,103,59,E,저위도,1˚22´N,103˚59´E,5,싱가포르,아시아,A,Af,1991~2020,1991~2020,이과연표 2025,95
아디스아바바,16.4,17.4,18.4,18.6,18.8,17.4,16.1,16.1,16.5,16.5,16,15.4,17,15.4,18.8,3.4,15.2,24.7,55.4,71.3,110.6,136,240.4,267.3,151.9,49.4,17.7,7,"1,146.90",9,2,N,38,45,E,저위도,9˚2´N,38˚45´E,"2,354",에티오피아,아프리카,C,Cwb,1991~2020,1991~2020,이과연표 2025,129
아바나,22.3,23,23.6,25.3,26.2,27.4,27.9,28,27.5,26.5,24.7,23.3,25.5,22.3,28,5.7,74,50.5,26.3,59.6,96.1,151.6,133.8,156.1,143.6,141.1,128.3,70.2,"1,231.20",23,10,N,82,21,W,저위도,23˚10´N,82˚21´W,50,쿠바,북아메리카,A,Aw,1991~2020,2010~2020,이과연표 2025,183
아부다비,19.2,20.6,23.4,27.7,31.8,33.8,35.5,36,33.3,29.8,25.2,21.1,28.1,19.2,36,16.8,9.1,6.1,12.6,4.8,0.3,0,0.1,0,0,0.3,3,6.9,43.2,24,26,N,54,39,E,저위도,24˚26´N,54˚39´E,16,아랍에미리트,아시아,B,BWh,1991~2020,1997~2020,이과연표 2025,74
아비장,27.3,28.1,28.4,28.4,27.9,26.5,25.4,24.6,25.3,26.6,27.7,27.7,27,24.6,28.4,3.8,28.8,36.8,82.6,159.4,266,411.5,159.9,45,73.6,216.6,188.7,81.2,"1,750.10",5,15,N,3,56,W,저위도,5˚15´N,3˚56´W,7,코트디부아르,아프리카,A,Aw,1991~2020,1991~2020,이과연표 2025,147
아스완,16.3,18.6,22.9,27.8,32.3,34.4,35.1,35.1,32.8,29.3,22.7,17.7,27.1,16.3,35.1,18.8,0.2,0,1.6,0.3,0.3,0,0,0,0.3,0.7,0.1,0.1,3.6,23,57,N,32,49,E,저위도,23˚57´N,32˚49´E,201,이집트,아프리카,B,BWh,1991~2020,1995~2020,이과연표 2025,126
아시가바트,3.4,4.5,11.6,16.5,23.7,28.8,30.8,28.6,23.1,15.9,8.4,4.1,16.6,3.4,30.8,27.4,17.7,51.8,41.2,40.5,22.2,9.5,2.6,1.5,3.8,13.4,21,14.8,240,37,59,N,58,21,E,중위도,37˚59´N,58˚21´E,312,투르크메니스탄,아시아,B,BSk,2007~2020,2007~2020,이과연표 2025,65
아에로푸에르토,27.8,27,25.9,23.2,19.4,18.1,17.5,19.5,21.6,24.3,25.2,26.9,23,17.5,27.8,10.3,145.1,162.7,136.3,150.7,133.7,69.5,57.1,38,70,172.4,173.2,187.7,"1,496.40",25,16,S,57,38,W,저위도,25˚16´S,57˚38´W,83,파라과이,남아메리카,C,Cfa,1991~2020,1991~2020,이과연표 2025,208
아카후틀라,27.7,28.1,29,29.7,29.3,28.7,28.8,28.7,28.2,28.1,28.3,27.9,28.5,27.7,29.7,2,,,,,,,,,,,,,,13,34,N,89,50,W,저위도,13˚34´N,89˚50´W,15,엘살바도르,북아메리카,,,1991~2020,,이과연표 2025,신규
아테네 공항,10.1,10.6,12.8,16.2,21.1,26.1,28.9,29,24.7,20.1,15.5,11.7,18.9,10.1,29,18.9,52.2,36.7,37.7,26,16.3,9.8,9.4,2.6,16.6,37,66.1,65.5,375.9,37,44,N,23,44,E,중위도,37˚44´N,23˚44´E,28,그리스,유럽,B,BSh,1991~2020,1991~2020,이과연표 2025,41
안타나나리보,21.3,21.4,21.1,20.1,17.9,15.5,14.6,15.6,17.3,19.4,20.8,21.4,18.9,14.6,21.4,6.8,379.4,286.3,227.5,43.9,11.6,3.8,5.9,4.9,9.8,44.7,143.4,283.2,"1,444.40",18,48,S,47,29,E,저위도,18˚48´S,47˚29´E,"1,279",마다가스카르,아프리카,C,Cwb,1991~2020,1991~2020,이과연표 2025,149
앙카라,0.9,3,6.9,11.5,16.7,20.9,24.4,24.2,19.6,13.9,7.2,2.8,12.7,0.9,24.4,23.5,39.2,34.9,49.3,42.1,51.7,41.6,15.9,15,16.3,32.9,32.6,40.9,412.4,39,57,N,32,53,E,중위도,39˚57´N,32˚53´E,891,터키,아시아,C,Csa,1991~2020,1991~2020,이과연표 2025,43
애틀랜타,6.9,9,12.9,17.1,21.7,25.4,27,26.6,23.6,17.9,12.1,8.3,17.4,6.9,27,20.1,115.8,115.8,118.9,97.9,89.6,116.7,120.8,109.2,97,80.1,101.7,115.5,"1,279.00",33,39,N,84,25,W,중위도,33˚39´N,84˚25´W,312,미국,북아메리카,C,Cfa,1991~2020,1991~2020,이과연표 2025,167
앨리스스프링스,29.8,28.5,25.8,21.2,15.8,12.3,12.2,14.8,20.2,23.5,26.4,28.2,21.6,12.2,29.8,17.6,49.3,41.4,19.1,11.5,17.5,10.3,13,4,7.7,19.7,32.6,41,267.1,23,47,S,133,53,E,저위도,23˚47´S,133˚53´E,545,오스트레일리아,오세아니아,B,BWh,1991~2020,1991~2020,이과연표 2025,231
앵커리지,-8.3,-5.9,-3.3,3.2,9.1,13.4,15.4,14.2,9.7,2.5,-4.6,-7,3.2,-8.3,15.4,23.7,19.8,22.1,17.3,11.6,17.3,25.9,47.3,77.4,79.6,47.1,30.3,29.5,425.2,61,9,N,149,59,W,고위도,61˚9´N,149˚59´W,52,미국,북아메리카,D,Dfb,1991~2020,1991~2020,이과연표 2025,160
양곤,24.7,26.5,28.7,31,30,27.4,26.9,26.8,27.5,27.7,27.6,25.3,27.5,24.7,31,6.3,2.1,0.5,6.7,10.9,296,578.8,645.5,566.6,369.5,228.4,72.5,7.6,"2,785.10",16,46,N,96,10,E,저위도,16˚46´N,96˚10´E,14,미얀마,아시아,A,Am,1991~2020,1991~2020,이과연표 2025,92
에드먼턴,-11.9,-7.4,-2,6.2,11.4,14.9,17.4,17.4,11.8,5,-4.1,-9.9,4.1,-11.9,17.4,29.3,,,,,,,,,,,,,,53,34,N,113,31,W,중위도,53˚34´N,113˚31´W,671,캐나다,북아메리카,,,1991~2001,,이과연표 2025,163
에스메랄다스,,,,,,,,,,,,,,,,,130.4,168.8,157.4,105.8,92.1,45.5,27.3,15.6,23.9,18.1,3.4,37.7,826,0,58,N,79,37,W,저위도,0˚58´N,79˚37´W,10,에콰도르,남아메리카,,,,1991~2000,이과연표 2025,204
예레반,-1,1.5,7.6,13,18,23.2,26.5,26.2,22.5,14.7,7.1,0.8,13.3,-1,26.5,27.5,24.7,28.8,36,43.4,56.2,19.8,13.1,7.1,8.2,26.2,24.8,24.6,312.9,40,12,N,44,31,E,중위도,40˚12´N,44˚31´E,"1,013",아르메니아,아시아,B,BSk,2010~2020,2010-2020,이과연표 2025,신규
옐가바,-3.6,-2.3,0.9,6.6,12.2,16,18,16.9,12.3,6.6,3.3,-1.1,7.2,-3.6,18,21.6,,,,,,,,,,,,,,56,40,N,23,44,E,중위도,56˚40´N,23˚44´E,4,라트비아,유럽,,,1993~2020,,이과연표 2025,49
오를리(파리),4.6,5,8.2,11.2,14.9,18.2,20.4,20.1,16.3,12.3,7.8,5.1,12,4.6,20.4,15.8,44.8,43.4,44,41.4,62.2,58.4,53.1,62.3,42.2,54.2,54.6,62.2,622.8,48,43,N,2,23,E,중위도,48˚43´N,2˚23´E,89,프랑스,유럽,C,Cfb,1991~2020,1996~2020,이과연표 2025,신규
오미야콘,-45.6,-42.2,-30.4,-12.6,3.6,12.7,15.3,10.9,2.5,-13.6,-34.4,-45,-14.9,-45.6,15.3,60.9,6.4,6.3,5.4,5.8,14.7,38.7,45.5,39.2,24,13.1,13.1,6.3,218.5,63,15,N,143,9,E,고위도,63˚15´N,143˚9´E,740,러시아,아시아,D,Dfd,1991~2020,1991~2020,이과연표 2025,46
오슬로,-4.4,-4.2,-0.5,4.6,10.1,14.2,16.5,15.1,10.6,5,0.4,-3.5,5.3,-4.4,16.5,20.9,63.5,47.2,45.1,50,65.9,77.8,82.2,101.2,80.1,95.6,88.7,67,864.3,60,12,N,11,4,E,고위도,60˚12´N,11˚4´E,202,노르웨이,유럽,D,Dfb,1991~2020,1991~2020,이과연표 2025,1
오클랜드,19.8,20.3,18.8,16.6,14.2,12,11.1,11.7,13.1,14.5,16.1,18.3,15.5,11.1,20.3,9.2,,,,,,,,,,,,,,37,0,S,174,48,E,중위도,37˚0´S,174˚48´E,7,뉴질랜드,오세아니아,,,1991~2020,,이과연표 2025,227
옴스크,-16.9,-14.6,-6.6,4.7,13,18,19.4,17,10.7,3.8,-6.9,-13.9,2.3,-16.9,19.4,36.3,21.3,17.9,19.1,26,30.9,55.2,64.8,56,29.6,32.9,34.8,31.5,420,55,1,N,73,23,E,중위도,55˚1´N,73˚23´E,121,러시아,아시아,D,Dfb,1991~2020,1991~2020,이과연표 2025,53
와가두구,25,28.1,31.9,33.5,32.3,30.1,27.7,26.7,27.5,29.4,28.3,25.7,28.9,25,33.5,8.5,0.1,0.6,3,23.2,53.6,85.3,201.5,219.1,141.7,35,0.5,0,763.6,12,21,N,1,31,W,저위도,12˚21´N,1˚31´W,303,부르키나파소,아프리카,B,BSh,1991~2020,1991~2020,이과연표 2025,146
우루무치,-12.1,-8.9,0.4,11.5,17.3,22.4,24.2,23,17.2,8.8,-0.9,-9.2,7.8,-12.1,24.2,36.3,10.4,13.5,19,40.1,41.6,27.8,35.8,29.4,20.2,22.4,24,20,304.2,43,47,N,87,39,E,중위도,43˚47´N,87˚39´E,936,중국,아시아,D,Dfa,1991~2020,1991~2020,이과연표 2025,99
우수아이아,9.6,9.4,8.4,6.2,4.4,2.1,2.1,3,4.1,6.2,7.6,8.7,6,2.1,9.6,7.5,47.1,41.3,39.1,47.1,34.3,51.8,36.3,34.2,31.6,30.1,36.4,40.3,469.6,54,48,S,68,19,W,중위도,54˚48´S,68˚19´W,28,아르헨티나,남아메리카,E,ET,1991~2020,1991~2020,이과연표 2025,211
우트키아빅(배로),-24.2,-24.4,-23.5,-15.4,-5.1,2.3,5.5,4.4,1,-5.9,-14.6,-21.3,-10.1,-24.4,5.5,29.9,4.6,6.4,8.9,4.8,7.1,11.4,24.4,27.2,20.1,13.6,9.2,6.9,144.6,71,17,N,156,47,W,고위도,71˚17´N,156˚47´W,11,미국,북아메리카,E,ET,1991~2020,1991~2020,이과연표 2025,159
우한,4.2,7,11.6,17.9,22.7,26.3,29.3,28.7,24.2,18.4,12.1,6.2,17.4,4.2,29.3,25.1,52.6,67.8,90.9,136.9,166,216.7,269,113.4,70.3,64.2,59.7,30.4,"1,337.90",30,36,N,114,3,E,중위도,30˚36´N,114˚3´E,24,중국,아시아,C,Cfa,1991~2020,1991~2020,이과연표 2025,108
울란바토르,-21.4,-16.2,-6.1,3.1,10.3,16.3,19.1,16.8,10.2,1.1,-10.4,-19,0.3,-21.4,19.1,40.5,1.8,2.8,4,9.1,21.4,44.9,79.8,66.2,28.3,9.6,6.6,3.2,277.7,47,55,N,106,52,E,중위도,47˚55´N,106˚52´E,"1,729",몽골,아시아,B,BSk,1991~2020,1991~2020,이과연표 2025,86
워싱턴,2.8,4.2,8.4,14.2,19.3,24.3,27,26,22.2,15.7,9.7,5.1,14.9,2.8,27,24.2,73.4,64.6,88.9,81.8,100.5,106.7,109.8,82.6,99.8,93,73.8,86,"1,060.90",38,51,N,77,2,W,중위도,38˚51´N,77˚2´W,5,미국,북아메리카,C,Cfa,1991~2020,1991~2020,이과연표 2025,172
위니펙,-17.3,-12.2,-5.5,3.9,11.6,16.7,18.9,18.6,12.7,5.1,-5,-14.4,2.8,-17.3,18.9,36.2,15.9,14.6,23.6,36.4,66.8,79,96.9,78.5,44,47.6,27,16.8,547.1,49,55,N,97,14,W,중위도,49˚55´N,97˚14´W,238,캐나다,북아메리카,D,Dfb,1991~2001,1991~2001,이과연표 2025,162
유레카,-35.8,-36.7,-35.7,-25.8,-10,3.2,7,3.5,-5.8,-19.4,-27.9,-32.6,-18,-36.7,7,43.7,2.7,2.6,2.6,3.3,3.6,9.4,14.6,18.8,8.5,6.5,3.8,3.6,80,79,59,N,85,56,W,고위도,79˚59´N,85˚56´W,10,캐나다,북아메리카,E,ET,1991~2020,1991~2017,이과연표 2025,165
은자메나,23.6,26.9,31,34,33.6,31.2,28.2,26.7,27.9,29.4,27.5,24.1,28.7,23.6,34,10.4,0,0,0.3,2.5,30.1,55.6,178.2,196,89,21.9,0,0,573.6,12,8,N,15,2,E,저위도,12˚8´N,15˚2´E,295,차드,아프리카,B,BSh,1991~2020,1991~2020,이과연표 2025,140
이르쿠츠크,-17.6,-14,-5.5,3.6,10.4,16.4,19,16.5,9.5,2,-7.9,-15.3,1.4,-17.6,19,36.6,14.6,9.7,11.8,21.6,35.2,68.6,101.4,96.5,52.6,21.1,20.2,18.5,471.8,52,16,N,104,19,E,중위도,52˚16´N,104˚19´E,467,러시아,아시아,D,Dwb,1991~2020,1991~2020,이과연표 2025,54
이스탄불,6.4,6.4,8.5,12.5,17.5,22.3,24.8,24.9,20.8,16.5,11.8,8.3,15.1,6.4,24.9,18.5,76.4,76.8,67.1,41.8,29.6,29.7,20,31,41.6,85.2,78.4,99.5,677.1,40,54,N,29,9,E,중위도,40˚54´N,29˚9´E,18,터키,아시아,C,Csa,1991~2013,1991~2013,이과연표 2025,42
자그레브,2.4,4.3,8.6,13.3,17.5,21.3,23.1,22.8,17.6,12.6,7.8,3,12.9,2.4,23.1,20.7,47.9,49.8,51.6,63.6,76.7,90,80.9,81,104.8,90.8,87,63.7,887.8,45,48,N,15,58,E,중위도,45˚48´N,15˚58´E,157,크로아티아,유럽,C,Cfa,1991~2020,1991~2020,이과연표 2025,34
자카르타,,,,,,,,,,,,,,,,,344.2,480.1,236.9,199.5,111.4,83,68.3,50.8,70.3,89,140.5,226.3,"2,100.30",6,11,S,106,50,E,저위도,6˚11´S,106˚50´E,8,인도네시아,아시아,,,,1995~2020,이과연표 2025,239
잔더리지,25.6,25.7,26,26.3,26.2,26.2,26.4,26.9,27.5,27.5,27,26.1,26.5,25.6,27.5,1.9,132.5,170.6,131.1,219.9,330.9,260.5,214.9,168.1,109.8,85.8,126.2,203.9,"2,154.20",5,27,N,55,12,W,저위도,5˚27´N,55˚12´W,15,수리남,남아메리카,A,Af,1991~2020,1991~2020,이과연표 2025,198
조모케냐타,20.4,21.3,21.9,20.8,20,18.6,17.7,18.4,20.1,20.8,19.9,20.5,20,17.7,21.9,4.2,91.4,49.2,88.6,122.6,96.8,28.8,21.7,16.6,18.3,51.2,126.8,100.6,812.6,1,19,S,36,54,E,저위도,1˚19´S,36˚54´E,"1,624",케냐,아프리카,C,Cfb,1991~2020,1991~2020,이과연표 2025,131
조지타운,26.7,26.9,27.3,27.7,27.3,27,27.1,27.7,28.1,28.4,27.8,27,27.4,26.7,28.4,1.7,,,,,,,,,,,,,,6,48,N,58,9,W,저위도,6˚48´N,58˚9´W,1,가이아나,남아메리카,,,1991~2020,,이과연표 2025,197
지브롤터,13.7,13.9,15.5,16.8,19.2,21.9,24.3,24.7,22.7,20,16.4,14.6,18.6,13.7,24.7,11,103.3,100.4,79.6,68.3,26.2,3.2,0.4,1.3,30.4,89.3,113.9,160.4,776.7,36,9,N,5,20,W,중위도,36˚9´N,5˚20´W,5,지브롤터(영),유럽,C,Csa,1991~2020,1991~2020,이과연표 2025,18
창춘,-14.3,-9.3,-1,8.8,16.2,21.3,23.7,22.3,16.5,7.9,-2.8,-11.8,6.5,-14.3,23.7,38,4.6,6.2,13.1,22.1,62.8,102.2,147.6,131.2,53.9,24.5,16.8,8.2,593.2,43,54,N,125,13,E,중위도,43˚54´N,125˚13´E,238,중국,아시아,D,Dwa,1991~2020,1991~2020,이과연표 2025,101
체라푼지,12.3,14.1,17,18.7,19.9,20.6,20.6,21.1,21,20,16.9,13.8,18,12.3,21.1,8.8,10.9,74.4,232.4,675.6,"1,107.10","2,171.90","2,954.10","1,483.00","1,009.80",422.2,16.3,8.4,"10,166.10",25,15,N,91,44,E,저위도,25˚15´N,91˚44´E,"1,313",인도,아시아,C,Cwb,1993~2020,1993~2020,이과연표 2025,81
첸나이,25.4,26.7,28.7,31,33,32.3,31,30.3,29.8,28.5,26.7,25.6,29.1,25.4,33,7.6,19.7,5.4,3.6,22.4,49.7,75.7,104.3,141.5,142.5,291.5,381.1,189.8,"1,427.20",13,0,N,80,11,E,저위도,13˚0´N,80˚11´E,13,인도,아시아,A,Aw,1991~2020,1991~2020,이과연표 2025,84
취리히,1,1.8,5.7,9.7,13.6,17.2,19,18.6,14.4,10,4.9,1.7,9.8,1,19,18,62.9,59.2,71.3,80.4,127,127.7,126.1,119.1,87.4,85.2,75.1,83.5,"1,104.90",47,22,N,8,33,E,중위도,47˚22´N,8˚33´E,555,스위스,유럽,C,Cfb,1991~2020,1991~2020,이과연표 2025,12
칠레카,24.5,24.8,24.5,23.6,21.6,20.5,19.6,21.6,24.7,26.4,26.8,25.4,23.7,19.6,26.8,7.2,,,,,,,,,,,,,,15,41,S,34,58,E,저위도,15˚41´S,34˚58´E,766,말라위,아프리카,,,1991~2020,,이과연표 2025,152
카라간다,-13.4,-12.5,-5.4,6.3,13.5,18.8,20,18.7,12.1,4.8,-5.1,-11.3,3.9,-13.4,20,33.4,23.9,21.8,27.9,28.3,36.9,40.1,52.3,27,18.7,29.3,30.1,31.1,367.4,49,48,N,73,9,E,중위도,49˚48´N,73˚9´E,553,카자흐스탄,아시아,D,Dfb,1991~2020,1991~2019,이과연표 2025,58
카라치,19.4,22.1,26.1,29.3,31.2,31.8,30.6,29.4,29.5,29.2,25.2,21,27.1,19.4,31.8,12.4,9.5,5.8,2.8,1.3,0.2,15,59.5,70,22.8,2.6,0.7,5.9,196.1,24,54,N,67,8,E,저위도,24˚54´N,67˚8´E,21,파키스탄,아시아,B,BWh,1991~2020,1991~2020,이과연표 2025,78
카라카스,25.5,25.6,26,26.6,27.4,27.5,27.4,27.9,28.2,27.9,27.2,26.3,27,25.5,28.2,2.7,30.1,26.5,20.8,22.3,37.8,40.5,54.5,53.3,48.1,51.5,75.8,42.3,503.5,10,36,N,66,59,W,저위도,10˚36´N,66˚59´W,43,베네수엘라 볼리바르,남아메리카,B,BSh,1991~2020,1991~2017,이과연표 2025,196
카보베르데(살),21.8,21.6,21.8,22.3,23,24.1,25.3,26.7,27.2,26.6,25,23.1,24,21.6,27.2,5.6,,,,,,,,,,,,,,16,44,N,22,56,W,저위도,16˚44´N,22˚56´W,54,카보베르데,아프리카,,,1991~2020,,이과연표 2025,20
카불,0.2,2.4,9.1,14.7,19.6,24.6,26.8,26,22,15.7,8.5,3.5,14.4,0.2,26.8,26.6,,,,,,,,,,,,,,34,33,N,69,13,E,중위도,34˚33´N,69˚13´E,"1,791",아프가니스탄,아시아,,,1991~2020,,이과연표 2025,71
카브웨,22.1,22.1,21.9,20.6,19.1,17.3,16.6,19.3,22.9,25,24.5,22.7,21.2,16.6,25,8.4,,,,,,,,,,,,,,14,27,S,28,28,E,저위도,14˚27´S,28˚28´E,"1,206",잠비아,아프리카,,,1991~2016,,이과연표 2025,151
카우나스,-3.1,-2.3,1.2,7.7,13.1,16.3,18.6,17.7,12.9,7.3,2.6,-1.2,7.6,-3.1,18.6,21.7,45.1,36.5,36.2,35.8,49.7,67.3,93.4,76,50,60.4,48.9,44.3,643.6,54,53,N,23,50,E,중위도,54˚53´N,23˚50´E,76,리투아니아,유럽,D,Dfb,1991~2020,1991~2020,이과연표 2025,50
카트만두,10.8,13.6,17.2,20.5,22.6,24.2,24.3,24.4,23.4,20.3,15.9,11.9,19.1,10.8,24.4,13.6,,,,,,,,,,,,,,27,42,N,85,22,E,저위도,27˚42´N,85˚22´E,"1,337",네팔,아시아,,,1991~2020,,이과연표 2025,87
캔버라,21.4,20.3,17.7,13.5,9.5,7,6.1,7.3,10.4,13.5,16.6,19.3,13.6,6.1,21.4,15.3,57.7,56.3,48.1,31.5,27.6,51.2,39.5,42.8,55.4,50.1,67.1,57.5,584.8,35,18,S,149,12,E,중위도,35˚18´S,149˚12´E,575,오스트레일리아,오세아니아,C,Cfb,1991~2020,1991~2020,이과연표 2025,236
케언스,27.6,27.5,26.8,25.5,23.8,22.2,21.4,21.9,23.5,25.1,26.5,27.4,24.9,21.4,27.6,6.2,393.6,496.4,372.4,178.9,74.6,41.2,35.3,26.9,30.5,66.2,90.3,195.4,"2,001.70",16,52,S,145,44,E,저위도,16˚52´S,145˚44´E,3,오스트레일리아,오세아니아,A,Am,1991~2020,1991~2020,이과연표 2025,230
케이프타운,21.6,21.7,20.2,17.7,15.3,13.1,12.5,12.9,14.4,16.8,18.5,20.6,17.1,12.5,21.7,9.2,9.6,10.6,13.1,41.4,63.1,89,81.2,73,44.1,29,26.4,12.1,492.6,33,58,S,18,36,E,중위도,33˚58´S,18˚36´E,46,남아프리카,아프리카,C,Csb,1991~2020,1991~2020,이과연표 2025,158
코로르,27.7,27.6,27.8,28.2,28.3,27.9,27.7,27.8,27.8,28.1,28.1,28,27.9,27.6,28.3,0.7,265.7,237.3,186,226,338.5,400.4,402.7,321.1,355.8,308.2,275.7,302.6,"3,620.00",7,20,N,134,29,E,저위도,7˚20´N,134˚29´E,30,팔라우,오세아니아,A,Af,1991~2020,1991~2020,이과연표 2025,216
코토누,27.9,29,29.4,29.1,28.4,27.1,26.3,25.8,26.4,27.3,28.5,28.4,27.8,25.8,29.4,3.6,21.3,37.5,87.5,140.3,203.3,353.9,107.3,41.9,144.1,169.2,46.6,12.1,"1,365.00",6,21,N,2,23,E,저위도,6˚21´N,2˚23´E,5,베냉,아프리카,A,Aw,1991~2020,1991~2020,이과연표 2025,143
코펜하겐,1.8,1.9,3.8,8.2,12.5,15.9,18.4,18.1,14.4,10,6.1,3.1,9.5,1.8,18.4,16.6,43.7,32,34,30.5,44.7,60.5,59.8,76.7,58.9,62.3,52.9,50.1,606.1,55,41,N,12,32,E,중위도,55˚41´N,12˚32´E,7,덴마크,유럽,C,Cfb,1991~2020,1991~2020,이과연표 2025,8
콜롬보,27.2,27.6,28.4,28.6,28.9,28.3,28.1,28.1,27.9,27.5,27.3,27.2,27.9,27.2,28.9,1.7,86.7,81.4,111.6,229.4,303.4,198.4,120.4,119.5,263.7,347.4,322.2,187.1,"2,371.20",6,54,N,79,52,E,저위도,6˚54´N,79˚52´E,7,스리랑카,아시아,A,Af,1991~2020,1991~2020,이과연표 2025,85
콜카타,19.9,23.8,28.2,30.6,31.2,30.6,29.5,29.4,29.4,28.3,25.1,21.1,27.3,19.9,31.2,11.3,11.9,23.8,37.6,55.5,129.4,279.1,387.8,369.9,319.2,177.1,34.8,6,"1,832.10",22,32,N,88,20,E,저위도,22˚32´N,88˚20´E,6,인도,아시아,A,Aw,1991~2020,1991~2020,이과연표 2025,82
쿠마시,26.9,28,28.1,27.6,26.9,25.8,24.9,24.6,25.3,26,26.8,26.7,26.5,24.6,28.1,3.5,31.3,56.4,86.6,161.6,174.8,171.6,131.9,78.5,168.8,171.4,63.8,34.8,"1,331.50",6,43,N,1,36,W,저위도,6˚43´N,1˚36´W,286,가나,아프리카,A,Aw,1992~2020,1991~2019,이과연표 2025,145
쿠알라룸푸르,27.3,27.7,28.1,28.1,28.5,28.4,28,28,27.7,27.5,27.1,27,27.8,27,28.5,1.5,231.3,195.6,271.5,303.6,220.1,141.5,166.2,172.6,218.3,280.5,356.5,283.9,"2,841.60",3,7,N,101,33,E,저위도,3˚7´N,101˚33´E,27,말레이시아,아시아,A,Af,1991~2020,1991~2020,이과연표 2025,94
쿠웨이트시티,13.3,15.6,20.3,26.3,32.9,37.6,39.1,38.5,34.9,28.6,20.6,14.9,26.9,13.3,39.1,25.8,,,,,,,,,,,,,,29,13,N,47,58,E,저위도,29˚13´N,47˚58´E,46,쿠웨이트,아시아,,,1991~2020,,이과연표 2025,신규
쿤밍,9.3,11.6,14.9,17.8,19.7,20.7,20.5,20.3,18.8,16.2,12.5,9.5,16,9.3,20.7,11.4,21,11.3,20.1,27.3,72.9,177.4,216.6,196.1,121.4,80.8,30.6,13.1,988.6,25,1,N,102,41,E,저위도,25˚1´N,102˚41´E,"1,892",중국,아시아,C,Cwb,1991~2020,1991~2020,이과연표 2025,106
크라이스트처치,16.8,16.7,14.6,11.8,9,6.3,5.6,7.1,9.3,11.2,13.2,15.5,11.4,5.6,16.8,11.2,42,38.1,41.9,47.5,68.9,52,67.6,66.4,43.1,45.9,45.1,43.3,601.8,43,29,S,172,33,E,중위도,43˚29´S,172˚33´E,38,뉴질랜드,오세아니아,C,Cfb,1991~2011,1991~2011,이과연표 2025,228
키갈리,21.6,21.6,21,20.9,20.9,21.5,21.7,22.5,21.9,21.5,20.3,21,21.4,20.3,22.5,2.2,92.5,104.1,132.1,122.1,100.3,21.6,13.9,39.2,62.4,120.2,161.5,90.6,"1,060.50",1,57,S,30,7,E,저위도,1˚57´S,30˚7´E,"1,491",르완다,아프리카,A,Aw,2000~2020,1991~2020,이과연표 2025,135
키시너우,-2.1,-0.3,4.9,11.4,17.1,20.9,23.1,23.2,17.7,11,5.4,0.5,11.1,-2.1,23.2,25.3,44.8,32.5,35.9,37.5,50.5,70.9,67.1,37.3,43.6,48.1,44.3,40.7,553.2,46,58,N,28,50,E,중위도,46˚58´N,28˚50´E,173,몰도바,유럽,C,Cfa,1999~2020,1999~2020,이과연표 2025,57
키이우,-3.2,-2.3,2.4,10,15.8,19.5,21.3,20.5,14.9,8.6,2.6,-1.7,9,-3.2,21.3,24.5,37.4,38.1,39.2,41.7,63.4,73.7,69.1,53,57.2,45.1,46.2,47.6,611.7,50,23,N,30,32,E,중위도,50˚23´N,30˚32´E,167,우크라이나,유럽,D,Dfb,1991~2020,1991~2020,이과연표 2025,56
킨샤사,26.1,26.6,26.9,26.6,26.2,24.3,23.5,24.3,25.7,26.1,25.9,25.9,25.7,23.5,26.9,3.4,190.8,167.2,188.1,248.9,169.6,14.6,4.5,8.7,49.3,136.4,273.6,274.3,"1,726.00",4,23,S,15,26,E,저위도,4˚23´S,15˚26´E,309,콩고민주,아프리카,A,Aw,1991~2020,1991~2020,이과연표 2025,신규
킹스턴,26.6,26.4,26.9,27.6,28.3,29.1,29.4,29.3,28.9,28.4,27.8,27.2,28,26.4,29.4,3,18,11.1,24.2,29.4,98.1,58.5,41.4,99.7,154.1,157.4,99.4,40.6,831.9,17,56,N,76,47,W,저위도,17˚56´N,76˚47´W,3,자메이카,북아메리카,A,Aw,1991~2020,1991~2020,이과연표 2025,184
타라와,28.3,28.2,28.2,28.4,28.5,28.5,28.5,28.6,28.7,28.6,28.6,28.4,28.5,28.2,28.7,0.5,,,,,,,,,,,,,,1,21,N,172,55,E,저위도,1˚21´N,172˚55´E,2,키리바시,오세아니아,,,1991~2020,,이과연표 2025,220
타슈켄트,2.4,4.5,10.5,16.1,21.5,26.3,28.3,26.9,21.4,14.6,7.9,3.4,15.3,2.4,28.3,25.9,56.4,70.4,70.5,60.5,35.5,15.9,3.5,2.2,4,26.4,55.3,54.1,454.7,41,20,N,69,18,E,중위도,41˚20´N,69˚18´E,488,우즈베키스탄,아시아,C,Csa,1996~2020,1996~2020,이과연표 2025,63
타히티,27.5,27.6,27.8,27.6,26.7,25.7,25.3,25.2,25.7,26.2,27,27.3,26.6,25.2,27.8,2.6,265.9,245.5,172.3,100.8,98.1,75.9,43.9,41.9,48.4,102.2,109.2,283.8,"1,587.90",17,33,S,149,36,W,저위도,17˚33´S,149˚36´W,2,프랑스(폴리네시아),오세아니아,A,Am,1991~2020,1991~2020,이과연표 2025,225
탈린,-3,-3.3,-0.7,4.8,10.2,14.5,17.6,16.5,12.1,6.6,2,-1.1,6.4,-3.3,17.6,20.9,55.3,38.9,36.6,35.3,32.8,63.9,82.2,82.6,58.2,76.7,67.9,57.4,687.8,59,23,N,24,36,E,중위도,59˚23´N,24˚36´E,32,에스토니아,유럽,D,Dfb,1991~2020,1991~2020,이과연표 2025,47
테구시갈파,20,20.9,22.4,23.9,23.7,23.1,22.8,22.9,22.7,22,20.8,20.3,22.1,20,23.9,3.9,,,,,,,,,,,,,,14,3,N,87,13,W,저위도,14˚3´N,87˚13´W,"1,007",온두라스,북아메리카,,,1991~2020,,이과연표 2025,189
테헤란,4.9,7.2,11.9,17.6,23.2,28.8,31.3,30.3,26.4,19.8,11.8,6.7,18.3,4.9,31.3,26.4,29.7,29.2,31.4,49.4,15.9,2.4,2.5,0.6,1.2,13.8,32.9,34.8,243.8,35,41,N,51,19,E,중위도,35˚41´N,51˚19´E,"1,204",이란,아시아,B,BSh,1991~2020,1991~2020,이과연표 2025,70
튀니스,12.3,12.5,14.6,17.2,20.9,25,28.1,28.7,25.7,22,17.1,13.5,19.8,12.3,28.7,16.4,59,56.3,47.5,37.5,23,11.8,4.1,13.8,46,56.6,53.6,63,472.2,36,50,N,10,14,E,중위도,36˚50´N,10˚14´E,4,튀니지,아프리카,C,Csa,1991~2020,1991~2020,이과연표 2025,116
트빌리시,2.9,4.4,9,13,17.9,22.9,25.3,25.8,20.6,15,8.8,4.1,14.1,2.9,25.8,22.9,25.1,18.1,26,61.5,81.8,87.7,37.7,38.8,39.7,43.8,31.2,19.3,510.7,41,45,N,44,46,E,중위도,41˚45´N,44˚46´E,427,조지아,아시아,C,Cfa,2005~2020,2005~2020,이과연표 2025,신규
파고파고,28.4,28.5,28.5,28.3,27.9,27.5,27.2,27.1,27.6,27.8,28.1,28.3,27.9,27.1,28.5,1.4,382.7,356,251.6,280.6,280.8,174.2,183.9,168.3,181.6,263.7,304.8,374.2,"3,202.40",14,20,S,170,43,W,저위도,14˚20´S,170˚43´W,5,사모아(미),오세아니아,A,Af,1991~2020,1991~2020,이과연표 2025,신규
퍼스,24.7,24.8,22.9,19.7,16.2,13.9,13,13.4,14.6,17.1,20.1,22.8,18.6,13,24.8,11.8,15.2,16.6,17.6,30,79.8,124.7,137.1,120.6,77.7,33.3,28.9,9.3,690.8,31,55,S,115,58,E,중위도,31˚55´S,115˚58´E,20,오스트레일리아,오세아니아,C,Csa,1991~2020,1991~2020,이과연표 2025,233
페샤와르,11.5,13.8,18.6,24.4,29.3,32.6,32.1,31.2,28.8,23.8,17.7,13,23.1,11.5,32.6,21.1,39.9,68.3,84.5,60.7,25.5,22.8,57.8,60.5,29.6,17.4,9.7,14.8,491.5,34,1,N,71,35,E,중위도,34˚1´N,71˚35´E,359,파키스탄,아시아,B,BSh,1991~2010,1991~2010,이과연표 2025,77
페코아(산토섬),27.2,27.2,27,26.7,26,25.4,24.8,24.7,25.1,25.7,26.4,27.1,26.1,24.7,27.2,2.5,,,,,,,,,,,,,,15,31,S,167,13,E,저위도,15˚31´S,167˚13´E,41,바누아투,오세아니아,,,1991~2020,,이과연표 2025,218
평양,-5.1,-2.3,4,11.4,17.4,21.9,24.5,25.1,20.1,13.1,5,-2.8,11,-5.1,25.1,30.2,10.3,15.7,21,56.4,89,106.9,316,236.3,109,42.6,42.5,17.2,"1,062.90",39,2,N,125,47,E,중위도,39˚2´N,125˚47´E,36,북한,평남,D,Dwa,1991~2020,1991~2020,이과연표 2025,89
포드고리차,6.3,7.5,11.1,15.3,20,24.8,27.8,27.9,22.1,16.9,11.4,7.2,16.5,6.3,27.9,21.6,125.8,142,145.5,127,95.5,53.6,45.8,60.1,152.8,152,261.4,214,"1,575.50",42,26,N,19,17,E,중위도,42˚26´N,19˚17´E,49,몬테네그로,유럽,C,Cfa,1991~2020,1991~2020,이과연표 2025,30
포르드프랑스,25.4,25.4,25.7,26.5,27.3,27.7,27.8,27.8,27.6,27.2,26.7,26,26.8,25.4,27.8,2.4,112.6,82.5,79.8,125.8,145.3,168.8,208.4,241.1,200.7,275,244.8,161,"2,045.80",14,35,N,60,59,W,저위도,14˚35´N,60˚59´W,3,마르티니크(프),북아메리카,A,Af,1991~2020,1991~2020,이과연표 2025,신규
포트수단,23.4,23.7,24.9,27.5,30.8,33.8,35.9,36.6,33.2,30.3,27.7,25.4,29.4,23.4,36.6,13.2,0.9,0.2,0.4,1.9,1.4,0.3,3.6,2.6,0,15.3,23.9,11,61.5,19,35,N,37,13,E,저위도,19˚35´N,37˚13´E,3,수단,아프리카,B,BWh,1991~2020,1991~2020,이과연표 2025,신규
푸나푸티,28.6,28.4,28.6,28.9,28.9,28.8,28.6,28.5,28.7,28.7,28.9,28.8,28.7,28.4,28.9,0.5,432.6,269.4,404.4,298.7,214.1,238.6,249.3,206.9,262.3,264.5,289,432.2,"3,562.00",8,31,S,179,13,E,저위도,8˚31´S,179˚13´E,1,투발루,오세아니아,A,Af,1991~2020,1991~2016,이과연표 2025,221
푸다후엘,21.1,20.2,18.2,14.3,11,8.5,7.9,9.4,11.6,14.5,17.5,19.7,14.5,7.9,21.1,13.2,0.6,0.8,2.5,9.8,36.4,65.7,39,29.8,14.2,7,3.7,2,211.5,33,23,S,70,47,W,중위도,33˚23´S,70˚47´W,481,칠레,남아메리카,B,BSk,1991~2020,1993~2020,이과연표 2025,207
푸앵트누아르,27,27.4,27.7,27.5,26.6,24.2,22.8,22.8,24.3,25.8,26.5,26.5,25.8,22.8,27.7,4.9,187.3,221.6,196.6,128.1,38.4,1.2,1.2,4.7,16.3,115.5,210.4,171.2,"1,292.50",4,49,S,11,54,E,저위도,4˚49´S,11˚54´E,17,콩고,아프리카,A,Aw,1991~2020,1991~2020,이과연표 2025,137
푸저우,11.4,12,14.4,19.1,23.1,26.6,29.4,28.9,26.7,22.6,18.6,13.7,20.5,11.4,29.4,18,57.1,78.6,128.8,136.6,189.3,228.8,150.2,193.2,133,47.8,52.7,43.2,"1,439.30",26,5,N,119,17,E,저위도,26˚5´N,119˚17´E,85,중국,아시아,C,Cfa,1991~2020,1991~2020,이과연표 2025,110
프놈펜,27,28,29.7,30.3,30.5,29.6,29,29,28.4,28.3,28.1,26.9,28.7,26.9,30.5,3.6,15,4.6,31.8,92.8,128.4,166.3,171.3,181.4,266.2,260.2,103.5,33.5,"1,455.00",11,36,N,104,52,E,저위도,11˚36´N,104˚52´E,10,캄보디아,아시아,A,Aw,2010~2020,1991~2020,이과연표 2025,98
프라하,-0.8,0.3,4,9.1,13.4,16.8,18.7,18.5,13.9,8.7,3.8,0.3,8.9,-0.8,18.7,19.5,20,17.3,28.6,27,60.4,70.7,76.2,65.9,38.8,33.8,28.5,25.3,492.5,50,6,N,14,15,E,중위도,50˚6´N,14˚15´E,380,체코,유럽,C,Cfb,1991~2020,1991~2020,이과연표 2025,25
프랑크푸르트,2.3,3.1,6.8,11.1,15,18.5,20.5,20,15.6,10.7,6.1,3.1,11.1,2.3,20.5,18.2,42.5,40.2,38.4,34.6,62.7,56,66.6,62.8,47.1,50.6,47.9,52.3,601.7,50,2,N,8,35,E,중위도,50˚2´N,8˚35´E,112,독일,유럽,C,Cfb,1991~2020,1995~2020,이과연표 2025,22
프리토리아,23.2,23.2,21.7,18.8,15.4,12.5,12.3,15.6,19.8,21.3,22.3,22.7,19.1,12.3,23.2,10.9,118.6,110.5,81.5,25.4,19.1,4.5,0.6,3.8,14.3,65.5,99.5,121.9,665.2,25,44,S,28,11,E,저위도,25˚44´S,28˚11´E,"1,308",남아프리카,아프리카,C,Cwa,1991~2016,1991~2014,이과연표 2025,156
플라이산스,26.9,26.9,26.5,25.7,24,22.6,21.8,21.7,22.2,23.3,24.6,26.1,24.4,21.7,26.9,5.2,242.2,248.8,249.8,174,115.6,85.4,85.8,74.2,62.2,49.4,77.2,124.8,"1,589.40",20,26,S,57,41,E,저위도,20˚26´S,57˚41´E,55,모리셔스,아프리카,A,Am,1991~2020,1991~2020,이과연표 2025,123
피아르코,26,26.3,26.8,27.5,27.9,27.5,27.5,27.5,27.7,27.5,27,26.5,27.1,26,27.9,1.9,100.8,39.1,40.2,55.1,93.5,225.4,218.3,261.3,164.5,198.3,209.1,159.1,"1,764.70",10,37,N,61,21,W,저위도,10˚37´N,61˚21´W,12,트리니다드토바고,북아메리카,A,Am,1991~2020,1991~2020,이과연표 2025,194
하노이,17.7,18.9,21.9,24.7,28.7,30.4,29.7,29,28.2,26,23.1,18.3,24.7,17.7,30.4,12.7,,,,,,,,,,,,,,20,58,N,105,46,E,저위도,20˚58´N,105˚46´E,5,베트남,아시아,,,2012~2020,,이과연표 2025,96
하라레,21.1,21.1,20.5,18.7,16.4,14.3,14,16.6,19.9,21.8,22,21.2,19,14,22,8,,,,,,,,,,,,,,17,55,S,31,8,E,저위도,17˚55´S,31˚8´E,"1,479",짐바브웨,아프리카,,,1991~2020,,이과연표 2025,153
하르툼,23.4,26.3,29.2,33.1,35.4,35.1,32.8,31.2,32.8,33,28.8,25.1,30.5,23.4,35.4,12,0,0,0,0,3.4,2.8,23.8,62.7,48.6,9.9,0,0,151.2,15,36,N,32,33,E,저위도,15˚36´N,32˚33´E,382,수단,아프리카,B,BWh,1991~2020,1991~2020,이과연표 2025,127
하이커우,18.2,19.3,22.4,25.6,27.9,28.9,28.9,28.5,27.6,25.9,23.2,19.6,24.7,18.2,28.9,10.7,23.9,29.6,42.4,80,194.6,236.6,247.6,296.1,268.9,273.9,60.2,38.1,"1,791.90",20,0,N,110,15,E,저위도,20˚0´N,110˚15´E,64,중국,아시아,A,Aw,1991~2020,1991~2020,이과연표 2025,신규
헬싱키,-4.3,-4.8,-1.4,4.5,10.4,15.2,18.2,16.5,11.6,5.7,1.3,-1.9,5.9,-4.8,18.2,23,54.9,36.3,32.7,34.7,38.9,62.7,59.3,76,60.3,83.7,72.8,61.1,673.4,60,19,N,24,58,E,고위도,60˚19´N,24˚58´E,51,핀란드,유럽,D,Dfb,1991~2020,1991~2013,이과연표 2025,3
헬완(카이로),13.9,15.2,17.9,21.8,25.3,27.9,29.2,29,27.5,24.6,20,15.7,22.3,13.9,29.2,15.3,6,3.2,8.9,0.9,0,0,0,0,0.2,1.2,1.2,8.1,29.7,29,51,N,31,20,E,저위도,29˚51´N,31˚20´E,139,이집트,아프리카,B,BWh,1991~2020,1991~2020,이과연표 2025,신규
호놀룰루,23,23.3,23.7,24.7,25.7,26.8,27.5,27.9,27.5,26.8,25.5,24.1,25.5,23,27.9,4.9,45.7,49.4,46.5,19.8,21.9,7.6,11.2,14.3,21.7,38.4,42.3,47.4,366.2,21,21,N,157,56,W,저위도,21˚21´N,157˚56´W,2,미국(하와이),북아메리카,B,BSh,1991~2020,1991~2020,이과연표 2025,213
호니아라,27.2,27,26.9,26.8,26.7,26.4,26.2,26,26.4,26.6,26.8,27.1,26.7,26,27.2,1.2,,,,,,,,,,,,,,9,25,S,160,3,E,저위도,9˚25´S,160˚3´E,8,솔로몬제도,오세아니아,,,1991~2020,,이과연표 2025,217
홍콩,16.1,16.8,19.1,22.7,26,28,28.6,28.4,27.6,25.3,21.9,17.8,23.2,16.1,28.6,12.5,32.7,37,68.9,138.5,284.8,453.7,382,456.1,320.6,116.6,39.2,29.2,"2,359.30",22,18,N,114,10,E,저위도,22˚18´N,114˚10´E,64,중국,아시아,C,Cwa,1992~2020,1992~2020,이과연표 2025,88
후안산타마리아 공항,22.9,23.2,23.9,24.1,23.2,23,23.1,22.8,22.4,22.1,22.4,22.6,23,22.1,24.1,2,10.2,13.1,24.5,80.2,273,230.4,168.4,221.9,333.4,334,166.5,39.9,"1,895.50",9,59,N,84,11,W,저위도,9˚59´N,84˚11´W,908,코스타리카,북아메리카,A,Aw,1991~2020,1991~2016,이과연표 2025,191
훔스,14,14.4,16.3,18.6,21.6,24.9,27,27.8,26.9,24.3,19.5,15.5,20.9,14,27.8,13.8,,,,,,,,,,,,,,32,38,N,14,18,E,중위도,32˚38´N,14˚18´E,21,리비아,아프리카,,,1991~2020,,이과연표 2025,신규
가덕도,3.7,5.4,8.9,13.2,17.3,20.5,24,25.9,22.5,17.9,12,5.9,14.8,3.7,25.9,22.2,26.9,36.4,66.1,100.5,98.1,128.3,230.6,167.7,127.3,66.3,41.5,28.3,"1,118.00",34,59,N,128,49,E,중위도,34˚59´N,128˚49´E,76,대한민국,부산,C,Cfa,1994~2020,1994~2020,기상청 2021,신규
가평조종,-5.3,-2.1,3.8,10.3,16.3,20.9,23.5,24,18.5,11.2,4,-3.3,10.2,-5.3,24,29.3,15.4,28.9,32.3,74.9,93.5,130.2,417.9,346.3,120.1,52.1,44.8,18.4,"1,374.80",37,49,N,127,20,E,중위도,37˚49´N,127˚20´E,170,대한민국,경기,D,Dwa,1993~2020,1994~2020,기상청 2021,신규
간성,-0.6,1.1,5.6,11.5,16.3,19.7,23.3,24,19.2,14.1,7.9,1.5,12,-0.6,24,24.6,37.1,33.7,49.4,70.2,86.3,126.6,279.3,305.5,196.9,95.9,92.7,28.3,"1,401.90",38,23,N,128,28,E,중위도,38˚23´N,128˚28´E,6,대한민국,강원,C,Cwa,1993~2020,1994~2020,기상청 2021,신규
간절곶,3.7,5.4,8.9,13,16.6,19.7,22.5,25,22.2,17.8,11.9,5.8,14.4,3.7,25,21.3,39.6,47.3,75.5,112.1,127.3,150.6,239.3,186.8,189.1,80.8,49.8,28.9,"1,327.10",35,21,N,129,21,E,중위도,35˚21´N,129˚21´E,22,대한민국,울산,C,Cfa,1994~2020,1994~2020,기상청 2021,신규
강계,-12.6,-7.4,0.8,9.2,15.9,20.5,23.7,22.8,16.8,8.8,-0.2,-9.5,7.4,-12.6,23.7,36.3,10.1,11.9,21.1,41.8,74.4,113.3,208.9,168.1,73,44.5,31.8,15.6,814.5,40,58,N,126,36,E,중위도,40˚58´N,126˚36´E,306,북한,자강,D,Dwa,1991~2020,1991~2020,기상청 2021,385
강남,-1.3,1.4,7,13.2,19.2,23.6,26.1,26.8,22.4,15.8,8.1,0.8,13.6,-1.3,26.8,28.1,14.5,22.6,34.2,67.2,87.7,120.3,395.7,316,143,51.1,49.7,18.9,"1,320.90",37,29,N,127,4,E,중위도,37˚29´N,127˚4´E,13,대한민국,서울,C,Cwa,1996~2020,1996~2020,기상청 2021,신규
강동,-2.3,0.6,6.3,12.9,18.8,23.3,25.8,26.2,21.5,14.8,7.2,-0.2,12.9,-2.3,26.2,28.5,14.5,23.2,31.7,60.9,78.7,129.4,383.4,348.3,146.9,50.5,43.7,17.7,"1,328.90",37,33,N,127,8,E,중위도,37˚33´N,127˚8´E,56,대한민국,서울,C,Cwa,1996~2020,1996~2020,기상청 2021,신규
강릉,0.9,2.7,7,13.1,17.9,21.3,24.7,25,20.5,15.6,9.5,3.3,13.5,0.9,25,24.1,47.9,48,65.1,81.9,79.2,118.5,250.2,292.9,229.3,113.9,81.1,36.9,"1,444.90",37,45,N,128,53,E,중위도,37˚45´N,128˚53´E,27,대한민국,강원,C,Cfa,1991~2020,1991~2020,기상청 2021,308
강북,-1.4,1.5,6.9,13.2,19.2,23.6,26,27,22.2,15.6,8,0.2,13.5,-1.4,27,28.4,14.3,28.6,36,81.3,100.9,126.4,456.6,321.9,147.9,50.4,55.7,20.2,"1,440.20",37,38,N,127,1,E,중위도,37˚38´N,127˚1´E,57,대한민국,서울,C,Cwa,2002~2020,2002~2020,기상청 2021,신규
강서,-1.9,0.7,6.2,12.4,18.2,22.7,25.3,26.3,21.9,15.3,7.7,0.3,12.9,-1.9,26.3,28.2,13.9,23.1,31.3,63.3,86.4,111.9,364.3,285.1,139.3,44.5,46.7,17.1,"1,226.90",37,34,N,126,49,E,중위도,37˚34´N,126˚49´E,80,대한민국,서울,C,Cwa,1996~2020,1996~2020,기상청 2021,신규
강진군,1.1,2.9,7.1,12.3,18,22,25.2,26.4,21.6,15.7,9.6,3.1,13.8,1.1,26.4,25.3,29.7,44.7,80.4,124.9,122.9,156.6,233.7,277.2,164.3,106.3,64.9,36.5,"1,442.10",34,37,N,126,46,E,중위도,34˚37´N,126˚46´E,10,대한민국,전남,C,Cfa,2010~2020,2010~2020,기상청 2021,신규
강화,-3.2,-0.7,4.6,10.7,16,20.5,23.7,24.7,20.2,13.7,6.3,-0.9,11.3,-3.2,24.7,27.9,15.6,22.5,31.4,64.9,110.9,110,355.6,300.4,131.5,55.8,46.3,21.3,"1,266.20",37,42,N,126,26,E,중위도,37˚42´N,126˚26´E,48,대한민국,인천,D,Dwa,1991~2020,1991~2020,기상청 2021,341
개성,-3.6,-0.8,4.6,11,16.7,21.3,24.1,24.9,20.4,13.7,5.9,-1.3,11.4,-3.6,24.9,28.5,10.9,19.4,24.7,49.9,96.2,105.7,359.9,285.2,109.9,40.9,40.8,18.3,"1,161.80",37,58,N,126,34,E,중위도,37˚58´N,126˚34´E,70,북한,황북,D,Dwa,1991~2020,1991~2020,기상청 2021,396
거문도,5,6.1,9.4,13.5,17.3,20.7,24.6,26.7,23.4,18.7,12.9,7.3,15.5,5,26.7,21.7,29.8,50.9,86.6,107.5,133.9,184.6,216.5,215.9,156.1,76.8,48.7,30.9,"1,338.20",34,1,N,127,18,E,중위도,34˚1´N,127˚18´E,7,대한민국,전남,C,Cfa,1993~2020,1994~2020,기상청 2021,신규
거제,2.6,4.4,8.4,13.4,17.9,21.2,24.8,26,22,16.7,10.6,4.7,14.4,2.6,26,23.4,40.4,60.5,112.2,177.2,203,237.1,367.6,330.4,209.5,96.4,59,37,"1,930.30",34,53,N,128,36,E,중위도,34˚53´N,128˚36´E,45,대한민국,경남,C,Cfa,1991~2020,1991~2020,기상청 2021,374
거창,-1.3,0.9,5.9,11.9,17.1,21.2,24.3,24.4,19.4,12.8,6.5,0.5,12,-1.3,24.4,25.7,23.7,34.1,55.4,84.8,88.7,149.4,286.2,285.3,166.2,60.8,37.8,22.3,"1,294.70",35,39,N,127,54,E,중위도,35˚39´N,127˚54´E,228,대한민국,경남,C,Cwa,1991~2020,1991~2020,기상청 2021,370
경기광주,-3.3,-0.4,5.3,11.8,17.2,21.8,24.7,25.2,20.2,13.3,6.1,-1.4,11.7,-3.3,25.2,28.5,16.6,25,35.5,67.5,91.4,118.1,374.4,317.6,140.5,55.9,45.8,19.8,"1,308.10",37,26,N,127,15,E,중위도,37˚26´N,127˚15´E,123,대한민국,경기,D,Dwa,1993~2020,1994~2020,기상청 2021,신규
경산,0.5,3,8,14,19.4,23,26.2,26.7,21.7,15.7,8.8,2.2,14.1,0.5,26.7,26.2,19.1,26.9,52.4,77.7,81.9,124.5,218.9,231.1,151.9,53.8,33.4,20.1,"1,091.70",35,49,N,128,44,E,중위도,35˚49´N,128˚44´E,61,대한민국,경북,C,Cwa,1993~2020,1994~2020,기상청 2021,신규
경주시,0.3,2.3,7.4,12.7,18.4,21.9,25.4,25.9,20.5,14.8,8.7,1.9,13.4,0.3,25.9,25.6,32.2,30.8,59.7,96.1,55.3,100.6,190.1,191.9,194.1,108.2,37.8,24.4,"1,121.20",35,49,N,129,12,E,중위도,35˚49´N,129˚12´E,40,대한민국,경북,C,Cfa,2011~2020,2011~2020,기상청 2021,369
계룡,-2.6,-0.2,5,11.2,16.8,21.4,24.6,25.3,20,13,6.1,-0.7,11.7,-2.6,25.3,27.9,24.8,35.5,47.6,92.5,98.8,162.1,350.8,300.6,149.3,59.8,52.2,27.6,"1,401.60",36,18,N,127,14,E,중위도,36˚18´N,127˚14´E,132,대한민국,충남,C,Cwa,1995~2020,1995~2020,기상청 2021,신규
고령,-1.1,1.7,6.9,13,18.1,22.2,25.2,25.6,20.6,13.9,7.2,0.6,12.8,-1.1,25.6,26.7,18,30.2,47.1,83.9,93.6,144.3,259.8,283.4,161.4,65,30.3,18.4,"1,235.40",35,41,N,128,16,E,중위도,35˚41´N,128˚16´E,41,대한민국,경북,C,Cwa,1993~2020,1994~2020,기상청 2021,신규
고산,6.1,6.6,9.4,13.4,17.1,20.7,24.9,26.4,23,18.5,13.5,8.5,15.7,6.1,26.4,20.3,40.6,47.8,76.2,94.7,117.7,158.1,167.7,201.9,120.4,56.9,60.2,40.7,"1,182.90",33,17,N,126,9,E,중위도,33˚17´N,126˚9´E,71,대한민국,제주,C,Cfa,1991~2020,1991~2020,기상청 2021,337
고성,1.6,3.7,7.9,13.1,18.1,21.8,25.5,26.8,22.2,16.4,9.8,3.6,14.2,1.6,26.8,25.2,26.2,43.2,84.5,133.2,149.7,176.8,304,239.5,161.8,81.5,44.4,25.6,"1,470.40",34,59,N,128,19,E,중위도,34˚59´N,128˚19´E,7,대한민국,경남,C,Cwa,1994~2020,1994~2020,기상청 2021,신규
고양,-3.5,-0.4,5.2,11.8,17.4,22,24.8,25.4,20.8,13.8,6.3,-1.2,11.9,-3.5,25.4,28.9,10.9,20.2,23.5,58.6,87.3,107.7,359.3,274.1,117.1,44.9,38.9,13.9,"1,156.40",37,38,N,126,53,E,중위도,37˚38´N,126˚53´E,45,대한민국,경기,D,Dwa,1993~2020,1994~2020,기상청 2021,신규
고창,0,1.8,6.3,11.9,17.9,22,25.6,26.3,21,14.8,9.1,2.1,13.2,0,26.3,26.3,31.1,33.1,47,83.8,69.6,89,284.6,285.2,123.8,76.1,59.1,43.1,"1,225.50",35,20,N,126,35,E,중위도,35˚20´N,126˚35´E,52,대한민국,전북,C,Cfa,2011~2020,2011~2020,기상청 2021,신규
고흥,1.6,3.2,7.4,12.7,17.4,21.1,24.7,25.7,21.6,15.7,9.4,3.5,13.7,1.6,25.7,24.1,25.9,46.5,86.7,128.2,133.3,186.9,264.9,264.9,167.2,66.8,51.4,26.6,"1,449.30",34,37,N,127,16,E,중위도,34˚37´N,127˚16´E,52,대한민국,전남,C,Cwa,1991~2020,1991~2020,기상청 2021,361
곡성,-0.7,1.6,6.7,12.6,18,22.4,25.4,25.8,21,14.3,7.6,1.1,13,-0.7,25.8,26.5,25.1,39.7,57.6,79.7,85.1,135.5,288.3,321.9,162.5,63.8,45.9,27.8,"1,332.90",35,17,N,127,17,E,중위도,35˚17´N,127˚17´E,100,대한민국,전남,C,Cwa,1995~2020,1995~2020,기상청 2021,신규
공주,-2.1,0.6,5.9,12.3,18.1,22.5,25.4,25.9,20.8,13.9,6.7,-0.2,12.5,-2.1,25.9,28,21.1,33.8,41.2,88.6,98.7,149.1,308.5,257.6,159,61,48.6,25.4,"1,292.60",36,28,N,127,8,E,중위도,36˚28´N,127˚8´E,24,대한민국,충남,C,Cwa,1997~2020,1997~2020,기상청 2021,신규
과천,-2.3,0.3,5.9,12,17.9,22.4,25.2,25.9,21,14.2,7,-0.2,12.4,-2.3,25.9,28.2,13.4,24.1,32.7,67.4,90.2,123.8,392.8,313.6,137.9,45.3,52.1,19.8,"1,313.10",37,26,N,127,0,E,중위도,37˚26´N,127˚0´E,47,대한민국,경기,C,Cwa,1996~2020,1996~2020,기상청 2021,신규
광명,-1.1,1.6,6.7,12.8,18.7,23.2,25.6,27,22.6,16.3,8.8,0.8,13.6,-1.1,27,28.1,11.5,26.2,38.3,64.2,96.6,126.4,412.8,231,153.8,47.9,58.4,21.7,"1,288.80",37,28,N,126,51,E,중위도,37˚28´N,126˚51´E,68,대한민국,경기,C,Cwa,2004~2020,2004~2020,기상청 2021,신규
광산,0.4,2.4,6.7,12.6,18.1,22.5,26,26.7,22,15.4,8.8,2.4,13.7,0.4,26.7,26.3,26,36.8,55.1,83,92.9,152.4,259.6,291.9,132.5,58.4,41.2,30.8,"1,260.60",35,7,N,126,44,E,중위도,35˚7´N,126˚44´E,30,대한민국,광주,C,Cwa,1994~2020,1994~2020,기상청 2021,신규
광양읍,1.9,3.8,8.2,13.7,18.7,22.4,25.6,26.5,22.4,16.3,9.8,3.6,14.4,1.9,26.5,24.6,20.8,41.2,68.6,108.9,132.9,177.3,308.2,289,145.6,66,43.1,22.7,"1,424.30",34,58,N,127,34,E,중위도,34˚58´N,127˚34´E,15,대한민국,전남,C,Cwa,1993~2020,1994~2020,기상청 2021,신규
광주,1,2.9,7.5,13.4,18.7,22.7,25.9,26.5,22.2,16.1,9.6,3.2,14.1,1,26.5,25.5,32.6,43.6,61.9,86.6,91.4,152.6,294.2,326.4,145,59,50.2,37.1,"1,380.60",35,10,N,126,53,E,중위도,35˚10´N,126˚53´E,70,대한민국,광주,C,Cwa,1991~2020,1991~2020,기상청 2021,329
광진,-1.2,1.4,6.9,13.4,19,23.6,26,26.7,22.1,15.6,8.1,0.8,13.5,-1.2,26.7,27.9,13.7,23.7,29,69.7,78.7,115.2,376.2,332.7,154.3,48.1,47.3,18.7,"1,307.30",37,32,N,127,5,E,중위도,37˚32´N,127˚5´E,29,대한민국,서울,C,Cwa,1996~2020,1996~2020,기상청 2021,신규
괴산,-3.5,-0.6,5,11.5,17.2,21.6,24.5,24.8,19.4,12.3,5.5,-1.6,11.3,-3.5,24.8,28.3,21.6,33.6,47.5,87.5,84.9,140.2,309.1,285.3,142.8,60.6,50.2,23.4,"1,286.70",36,48,N,127,46,E,중위도,36˚48´N,127˚46´E,120,대한민국,충북,D,Dwa,1993~2020,1994~2020,기상청 2021,신규
구례,0,2.3,7,13,18.3,22.7,25.8,26.3,21.4,14.6,8.1,1.8,13.4,0,26.3,26.3,22.1,35.5,59.7,80.1,90.6,135.9,305.6,298.5,138.9,60.9,43.7,24.5,"1,296.00",35,11,N,127,27,E,중위도,35˚11´N,127˚27´E,30,대한민국,전남,C,Cwa,1993~2020,1994~2020,기상청 2021,신규
구로,-2,0.9,6,12.2,18.1,22.6,25.2,26.3,21.7,15,7.5,0,12.8,-2,26.3,28.3,13,26.1,32.4,74.7,92.2,111.3,373.7,262.4,150.3,48.6,54.2,19.2,"1,258.10",37,29,N,126,49,E,중위도,37˚29´N,126˚49´E,56,대한민국,서울,C,Cwa,2002~2020,2002~2020,기상청 2021,신규
구리,-2.5,0.4,6.1,12.6,18.4,22.9,25.5,26.1,21.3,14.5,6.8,-0.4,12.6,-2.5,26.1,28.6,12.5,22.5,32.7,66.5,93.4,116.7,405.4,337.2,133,48.6,43.7,17.8,"1,330.00",37,34,N,127,9,E,중위도,37˚34´N,127˚9´E,27,대한민국,경기,C,Cwa,1995~2020,1995~2020,기상청 2021,신규
구미,-0.6,1.8,7.1,13.3,18.6,22.6,25.3,25.6,20.6,14.2,7.4,1.1,13.1,-0.6,25.6,26.2,18.4,27,47.7,79,78.7,120.3,233.9,256.1,147.6,53.3,32.8,18.3,"1,113.10",36,7,N,128,19,E,중위도,36˚7´N,128˚19´E,49,대한민국,경북,C,Cwa,1991~2020,1991~2020,기상청 2021,368
구성,-6.6,-3.4,2.7,10.1,16.4,21.1,24.1,24.2,19.1,11.6,3,-4.9,9.8,-6.6,24.2,30.8,6.1,17.7,23.3,53.5,87.6,123,342.4,312.6,91.8,52.6,55.2,16.6,"1,182.40",39,59,N,125,15,E,중위도,39˚59´N,125˚15´E,99,북한,평북,D,Dwa,1991~2020,1991~2020,기상청 2021,389
군산,-0.1,1.6,5.8,11.5,17.1,21.6,25.1,25.9,21.5,15.3,8.7,2.2,13,-0.1,25.9,26,28.2,35.9,44.7,81.6,85.8,142.2,277.3,266.5,137.5,55.2,53.9,37.2,"1,246.00",36,0,N,126,45,E,중위도,36˚0´N,126˚45´E,28,대한민국,전북,C,Cfa,1991~2020,1991~2020,기상청 2021,324
군위,-2.7,0.1,5.6,12,17.5,21.8,24.9,25.2,19.8,12.8,5.8,-1,11.8,-2.7,25.2,27.9,14.4,20.2,40.5,70.6,74.1,114.2,197.5,228.1,133,51.8,30.2,12.9,987.5,36,14,N,128,33,E,중위도,36˚14´N,128˚33´E,82,대한민국,경북,C,Cwa,1993~2020,1994~2020,기상청 2021,신규
군포,-1.1,1.4,6.5,12.6,18.5,23,25.4,26.5,21.9,15.7,8.4,0.6,13.3,-1.1,26.5,27.6,14.6,28.8,41.6,70.9,94.2,115.2,426.2,260.5,140.5,49.9,60.6,24.6,"1,327.60",37,21,N,126,56,E,중위도,37˚21´N,126˚56´E,97,대한민국,경기,C,Cwa,2004~2020,2004~2020,기상청 2021,신규
금곡,-2.8,-0.3,5,11.2,16.7,21.2,24.3,25.4,20.8,14.3,6.7,-0.6,11.8,-2.8,25.4,28.2,13.3,21.9,29.1,58.6,84.8,99.7,333.8,258.2,133.5,37.8,46,19.5,"1,136.20",37,37,N,126,38,E,중위도,37˚37´N,126˚38´E,34,대한민국,인천,C,Cwa,1996~2020,1995~2020,기상청 2021,신규
금산,-2.4,0,5.2,11.6,17.1,21.6,24.8,24.9,19.7,12.8,6.1,-0.4,11.8,-2.4,24.9,27.3,25.5,37.9,52.3,84.7,81.6,161.8,297.8,284.3,130.5,55.7,47.2,29.3,"1,288.60",36,6,N,127,28,E,중위도,36˚6´N,127˚28´E,173,대한민국,충남,C,Cwa,1991~2020,1991~2020,기상청 2021,352
금천,-0.8,1.6,6.7,12.7,18.4,22.8,25.4,26.4,22.2,15.8,8.5,1,13.4,-0.8,26.4,27.2,14.6,22.3,34.8,68.2,88.5,116.3,356.8,299.5,153.3,48.7,46.7,17.8,"1,267.50",37,27,N,126,54,E,중위도,37˚27´N,126˚54´E,45,대한민국,서울,C,Cwa,1999~2020,1998~2020,기상청 2021,신규
기상청,-1.2,1.4,6.8,13.1,18.6,23,25.5,26.4,22.2,15.9,8.2,0.8,13.4,-1.2,26.4,27.6,15.2,23.5,33.3,70.1,97.4,120.4,371.9,284,149,45.8,48.4,19.6,"1,278.60",37,29,N,126,55,E,중위도,37˚29´N,126˚55´E,44,대한민국,서울,C,Cwa,1997~2020,1996~2020,기상청 2021,신규
기장,2.9,4.7,8.5,13.4,17.7,20.9,24.5,25.9,21.9,16.9,10.7,4.8,14.4,2.9,25.9,23,39.3,51.7,86.4,130,148.5,174.8,283.1,209.7,167.4,79.9,49.6,31.5,"1,451.90",35,16,N,129,15,E,중위도,35˚16´N,129˚15´E,66,대한민국,부산,C,Cfa,1994~2020,1994~2020,기상청 2021,신규
김제,-0.4,1.7,6.1,12.2,18.1,22.4,26,26.6,21.7,15.3,8.6,1.8,13.3,-0.4,26.6,27,23.1,29.9,40.6,69.9,78.1,117.4,246.8,240.9,115.7,52.4,45.8,29.3,"1,089.90",35,48,N,126,52,E,중위도,35˚48´N,126˚52´E,55,대한민국,전북,C,Cwa,1993~2020,1994~2020,기상청 2021,신규
김책,-3.3,-1.7,2.9,8.4,12.6,16.9,21,22.6,18.8,12.7,5.3,-1.1,9.6,-3.3,22.6,25.9,16.7,12.7,16.1,33,60.5,61.5,147.4,136.7,81.8,41.5,36,20.8,664.7,40,40,N,129,12,E,중위도,40˚40´N,129˚12´E,23,북한,함북,D,Dwa,1991~2020,1991~2020,기상청 2021,377
김천,-1.4,1.2,6.7,13,18.3,22.4,25.5,25.7,20.5,13.8,7,0.4,12.8,-1.4,25.7,27.1,19.5,25.3,43,76.7,68.2,118.4,214.2,237,154.4,60.5,33.3,17.7,"1,068.20",36,4,N,128,6,E,중위도,36˚4´N,128˚6´E,84,대한민국,경북,C,Cwa,1994~2020,1994~2020,기상청 2021,신규
김포,-3.5,-0.5,5.1,11.2,17.2,21.9,24.7,25.7,20.8,14.2,6.8,-1.3,11.9,-3.5,25.7,29.2,7.4,21.7,30.5,60.1,90.3,100.1,362.3,245,139.1,39,47.6,17.4,"1,160.50",37,38,N,126,42,E,중위도,37˚38´N,126˚42´E,32,대한민국,경기,D,Dwa,2004~2020,2004~2020,기상청 2021,신규
김해시,2.1,5.1,9.3,14.2,19.5,22.7,26,27.3,22.7,17.4,11,4,15.1,2.1,27.3,25.2,26.4,52.1,84.6,128.4,110.6,140.8,291.1,188,184.9,89.8,47,32.1,"1,375.80",35,13,N,128,53,E,중위도,35˚13´N,128˚53´E,55,대한민국,경남,C,Cwa,2009~2020,2009~2020,기상청 2021,신규
나주,0.3,2.3,6.7,12.6,18,22.5,25.9,26.4,21.9,15.2,8.7,2.3,13.6,0.3,26.4,26.1,30.5,40.3,61.6,86.5,107.4,157.3,274.1,264.4,139.9,66.6,47.4,34.4,"1,310.40",35,1,N,126,44,E,중위도,35˚1´N,126˚44´E,8,대한민국,전남,C,Cfa,1993~2020,1994~2020,기상청 2021,신규
남양주,-3.8,-0.7,5.1,11.4,17.3,21.9,24.8,25.2,20,12.7,5.5,-1.7,11.5,-3.8,25.2,29,16,25.5,29.7,64.6,91.8,133.6,414.7,333.5,131.7,53.1,45.9,18.3,"1,358.40",37,38,N,127,9,E,중위도,37˚38´N,127˚9´E,25,대한민국,경기,D,Dwa,1993~2020,1994~2020,기상청 2021,신규
남원,-1.3,0.9,5.9,11.9,17.6,22.1,25.2,25.4,20.6,13.6,6.9,0.6,12.5,-1.3,25.4,26.7,28.5,39.4,56.7,81.8,90.5,157.3,303.2,313.3,144.2,63,45.3,30,"1,353.20",35,25,N,127,23,E,중위도,35˚25´N,127˚23´E,133,대한민국,전북,C,Cwa,1991~2020,1991~2020,기상청 2021,356
남포,-4.4,-1.7,3.9,10.8,16.7,21.2,24.3,24.8,20.4,13.7,5.7,-1.8,11.1,-4.4,24.8,29.2,9.2,12.9,17.3,36.8,67,82,202.2,166.2,72.4,38.5,38.8,19.6,762.9,38,43,N,125,23,E,중위도,38˚43´N,125˚23´E,47,북한,평남,D,Dwa,1991~2020,1991~2020,기상청 2021,393
남해,2.2,4,8.2,13.5,18.2,21.6,25.1,26,21.9,16.6,10.4,4.3,14.3,2.2,26,23.8,33.6,65.2,113.1,179.7,196.3,243.8,353.9,319.7,221.9,95.9,62.9,35.2,"1,921.20",34,48,N,127,55,E,중위도,34˚48´N,127˚55´E,46,대한민국,경남,C,Cwa,1991~2020,1991~2020,기상청 2021,신규
남현,-2.3,0.2,6.1,11.9,17.9,22.3,24.9,25.7,20.7,14.3,7.4,-0.6,12.4,-2.3,25.7,28,15.3,36.3,32.2,89.6,89.7,129.5,435.7,310.9,119.5,63.6,78.4,32.1,"1,432.80",37,27,N,126,59,E,중위도,37˚27´N,126˚59´E,88,대한민국,서울,C,Cwa,2011~2020,2011~2020,기상청 2021,신규
노원,-3.1,-0.2,5.7,12.1,17.8,22.3,25,25.5,20.4,13.5,6.2,-1.1,12,-3.1,25.5,28.6,14.7,25.5,32.5,67.4,96.2,126,427.5,329.3,129.2,49.6,46.6,17.4,"1,361.90",37,37,N,127,5,E,중위도,37˚37´N,127˚5´E,25,대한민국,서울,D,Dwa,1996~2020,1996~2020,기상청 2021,신규
논산,-1.6,0.7,5.6,11.9,18,22.5,25.4,25.8,20.8,13.9,7.1,0.3,12.5,-1.6,25.8,27.4,22.9,33.7,46.3,81.3,88.1,143,282.5,259.6,130.2,55.4,43.9,24.9,"1,211.80",36,12,N,127,6,E,중위도,36˚12´N,127˚6´E,8,대한민국,충남,C,Cwa,1993~2020,1994~2020,기상청 2021,신규
단양,-3.4,-0.5,5.2,12,17.7,22.1,24.7,25,19.6,13,5.9,-1.4,11.7,-3.4,25,28.4,14.9,22.3,38.4,61.6,69.9,124.3,253.2,237.7,126.5,48.8,34.7,17.6,"1,049.90",36,59,N,128,22,E,중위도,36˚59´N,128˚22´E,185,대한민국,충북,D,Dwa,1993~2020,1993~2020,기상청 2021,신규
달성,0.6,3.1,8.1,14,19.2,23.2,26.1,26.5,21.7,15.6,8.7,2.4,14.1,0.6,26.5,25.9,16.6,28.2,50.5,76.2,83.4,130,232.3,258.4,143,55,32.3,16.7,"1,122.60",35,41,N,128,25,E,중위도,35˚41´N,128˚25´E,25,대한민국,대구,C,Cwa,1993~2020,1994~2020,기상청 2021,신규
담양,0,2.1,6.5,12.4,17.7,22.3,25.3,25.8,21.2,14.8,8.4,2,13.2,0,25.8,25.8,27.2,39.7,54.6,89.7,99.3,150.5,286.7,308.3,147.8,64,46.4,29.8,"1,344.00",35,18,N,126,58,E,중위도,35˚18´N,126˚58´E,45,대한민국,전남,C,Cwa,1993~2020,1994~2020,기상청 2021,신규
당진,-2,0,4.9,11,16.8,21.1,24.6,25.3,20.5,14,7,0.3,12,-2,25.3,27.3,17.2,26.9,34.6,67.8,85.3,115.3,294.4,265.9,136,53.1,45.7,23.3,"1,165.50",36,53,N,126,37,E,중위도,36˚53´N,126˚37´E,52,대한민국,충남,C,Cwa,1993~2020,1994~2020,기상청 2021,신규
대관령,-6.9,-4.6,0.4,7,12.5,16.2,19.6,19.7,14.6,8.8,2.3,-4.5,7.1,-6.9,19.7,26.6,53.1,49.2,72.6,93.5,108.2,162.5,336.3,368.4,249.6,97.6,69.4,34.7,"1,695.10",37,40,N,128,43,E,중위도,37˚40´N,128˚43´E,772,대한민국,강원,D,Dwb,1991~2020,1991~2020,기상청 2021,305
대구(신암),1.1,3.5,8.4,14.5,19.7,23.4,26.3,26.7,22.1,16.2,9.4,3,14.5,1.1,26.7,25.6,18.6,25.4,49,70.6,77.9,129.2,223.9,245.3,142.4,50.1,29.7,18.7,"1,080.80",35,53,N,128,37,E,중위도,35˚53´N,128˚37´E,59,대한민국,대구,C,Cwa,1991~2020,1991~2020,기상청 2021,신규
대구서구,0.8,3.3,8.5,14.5,19.9,23.5,26.3,26.9,22.1,16.2,9.3,2.5,14.5,0.8,26.9,26.1,16.8,25.5,48.3,69.1,75.8,127.1,224.1,255.5,158.3,57.4,31.8,17.5,"1,107.20",35,51,N,128,31,E,중위도,35˚51´N,128˚31´E,76,대한민국,대구,C,Cwa,1996~2020,1996~2020,기상청 2021,신규
대전,-1,1.4,6.6,13,18.5,22.7,25.5,26,21.2,14.6,7.7,1,13.1,-1,26,27,25.5,37.2,51.6,81.6,91.8,167.3,306.9,299.8,152.5,59.3,48,29.7,"1,351.20",36,22,N,127,22,E,중위도,36˚22´N,127˚22´E,70,대한민국,대전,C,Cwa,1991~2020,1991~2020,기상청 2021,320
도봉,-2.7,0.6,6,12.5,18,22.5,25.2,25.7,20.8,14,6.7,-0.6,12.4,-2.7,25.7,28.4,15.6,28.1,33.3,78.2,106.2,136.6,425.4,378.1,147.8,53.2,51.4,18.7,"1,472.60",37,39,N,127,1,E,중위도,37˚39´N,127˚1´E,57,대한민국,서울,C,Cwa,1996~2020,1996~2020,기상청 2021,신규
동대문,-1.1,1.7,7.1,13.5,19.2,23.6,26,26.8,22.3,15.8,8.2,0.8,13.7,-1.1,26.8,27.9,14.1,25.4,32.2,72.2,95.1,120.6,401.3,335.8,144.9,48.5,48.2,18.7,"1,357.00",37,35,N,127,3,E,중위도,37˚35´N,127˚3´E,54,대한민국,서울,C,Cwa,1997~2020,1996~2020,기상청 2021,신규
동두천,-3.8,-0.8,5,11.6,17.4,21.8,24.3,24.9,20.1,13.1,5.7,-1.9,11.5,-3.8,24.9,28.7,18.4,26,32,73.2,95.2,130.5,431.7,347.5,137.9,55.1,47.4,22.2,"1,417.10",37,54,N,127,3,E,중위도,37˚54´N,127˚3´E,116,대한민국,경기,D,Dwa,1999~2020,1999~2020,기상청 2021,304
동래,3.1,5,9.1,14,18.9,22.1,25.6,26.8,22.6,17.5,11.3,5.1,15.1,3.1,26.8,23.7,32.7,48.7,85.9,136.9,143.9,171.8,307.8,230.9,163.8,77.1,51.4,31.8,"1,482.70",35,12,N,129,5,E,중위도,35˚12´N,129˚5´E,70,대한민국,부산,C,Cfa,1996~2020,1996~2020,기상청 2021,신규
동해,1.1,2.8,6.8,12.2,16.6,19.6,23.2,24.1,19.8,15.1,9.3,3.4,12.8,1.1,24.1,23,46.4,44,57.6,72.3,63.3,105.9,230.8,227.2,219.8,102.9,71.6,22.5,"1,264.30",37,30,N,129,7,E,중위도,37˚30´N,129˚7´E,40,대한민국,강원,C,Cwa,1993~2020,1993~2020,기상청 2021,309
마포,-1.4,1.2,6.7,13,18.8,23.3,25.8,26.7,22.4,15.9,8.3,0.8,13.5,-1.4,26.7,28.1,13.3,25.1,30.6,64.4,82.6,118,375.8,312.8,142.9,47.1,43.8,16.3,"1,272.70",37,33,N,126,55,E,중위도,37˚33´N,126˚55´E,101,대한민국,서울,C,Cwa,1996~2020,1996~2020,기상청 2021,신규
목포,1.8,3,6.9,12.4,17.5,21.6,25.1,26.3,22.3,16.6,10.4,4.2,14,1.8,26.3,24.5,31.8,36.8,64.9,80.3,91.3,150.2,220.7,209,137.7,58.9,48.9,37.2,"1,167.70",34,49,N,126,22,E,중위도,34˚49´N,126˚22´E,45,대한민국,전남,C,Cfa,1991~2020,1991~2020,기상청 2021,332
무안,0.8,2.4,6.4,11.8,17.4,21.7,25.2,26.1,21.6,15.5,9.2,2.8,13.4,0.8,26.1,25.3,29.6,41.7,56.4,96.7,96.5,143.6,271.3,249,145.4,72.3,47.9,39.7,"1,290.10",34,59,N,126,27,E,중위도,34˚59´N,126˚27´E,38,대한민국,전남,C,Cfa,2001~2020,2001~2020,기상청 2021,신규
무주,-2.6,0.1,5.4,11.4,17.1,21.4,24.4,24.7,19.5,12.7,6.2,-0.8,11.6,-2.6,24.7,27.3,16.9,28,45.5,65.6,69.1,105.5,285.1,244.4,129.3,56.3,38.9,20.7,"1,105.30",36,0,N,127,40,E,중위도,36˚0´N,127˚40´E,212,대한민국,전북,C,Cwa,2004~2020,2004~2020,기상청 2021,신규
문경,-1.7,0.6,5.8,12.2,17.3,21.3,23.9,24.2,19.2,13,6.4,0.1,11.9,-1.7,24.2,25.9,18.9,29.7,48.7,89.5,108.1,154.8,309.5,274.7,138.4,58.8,40.9,22.9,"1,294.90",36,37,N,128,8,E,중위도,36˚37´N,128˚8´E,173,대한민국,경북,C,Cwa,1991~2020,1991~2020,기상청 2021,신규
문화,-0.7,1.7,7.1,13.3,19.1,23.3,26,26.6,21.8,15.2,8.2,1.3,13.6,-0.7,26.6,27.3,22.7,35.2,47.3,83.6,85.6,160.9,311.5,307.5,151,61.3,48.9,25,"1,340.50",36,18,N,127,24,E,중위도,36˚18´N,127˚24´E,79,대한민국,대전,C,Cwa,1996~2020,1996~2020,기상청 2021,신규
밀양,0.5,2.8,7.7,13.2,18.3,22.3,25.6,26.1,21.5,15.2,8.4,2.1,13.6,0.5,26.1,25.6,21.2,33,59,90.5,106.7,155.9,259.3,240.6,144.4,53.3,40.1,22.6,"1,226.60",35,29,N,128,44,E,중위도,35˚29´N,128˚44´E,8,대한민국,경남,C,Cwa,1991~2020,1991~2020,기상청 2021,372
백령도,-1.3,0,3.8,9.1,14.5,19,22.3,23.8,20.1,14.7,7.9,1.2,11.3,-1.3,23.8,25.1,13.3,17.4,18.2,47.5,74.3,72,201,158.5,90.6,31,41.9,21.6,787.3,37,58,N,124,42,E,중위도,37˚58´N,124˚42´E,36,대한민국,인천,C,Cwa,2001~2020,2001~2020,기상청 2021,307
보령,-0.2,1.2,5.5,11.1,16.5,21.1,24.8,25.7,21.2,15.1,8.6,2.1,12.7,-0.2,25.7,25.9,22.6,30.2,42,72.7,87.5,134,248.1,270.3,135.4,59.9,53.7,35,"1,191.40",36,19,N,126,33,E,중위도,36˚19´N,126˚33´E,10,대한민국,충남,C,Cwa,1991~2020,1991~2020,기상청 2021,350
보성,-0.2,1.8,6.1,11.6,16.8,20.7,24.2,25,20.5,14.1,7.6,1.7,12.5,-0.2,25,25.2,24.8,47.9,80.3,126.6,151.3,190.3,286,312.6,172.3,74.5,48.1,27.5,"1,542.20",34,45,N,127,5,E,중위도,34˚45´N,127˚5´E,146,대한민국,전남,C,Cwa,1993~2020,1994~2020,기상청 2021,신규
보은,-2.9,-0.6,4.8,11.2,16.7,21.1,24,24.3,19.1,12.2,5.6,-1,11.2,-2.9,24.3,27.2,23.4,33,47.5,82.2,92.8,156.4,306,296.6,137.4,56.6,45.2,28.2,"1,305.30",36,29,N,127,44,E,중위도,36˚29´N,127˚44´E,171,대한민국,충북,C,Cwa,1991~2020,1991~2020,기상청 2021,348
봉화,-4,-1.6,3.7,9.9,15.5,19.6,22.8,22.9,17.8,11.1,4.2,-2.1,10,-4,22.9,26.9,16.5,25.9,46.6,80.7,101.5,143.2,277.7,246.8,135.1,48.1,33.2,20.3,"1,175.60",36,56,N,128,54,E,중위도,36˚56´N,128˚54´E,325,대한민국,경북,D,Dwa,1991~2020,1991~2020,기상청 2021,363
부산,3.6,5.4,9.1,13.8,17.9,21,24.4,26.1,22.6,17.9,11.9,5.8,15,3.6,26.1,22.5,34.5,49.6,89.7,140.9,155.9,188.4,326.8,266.5,160.6,79.6,50.4,33.8,"1,576.70",35,6,N,129,1,E,중위도,35˚6´N,129˚1´E,70,대한민국,부산,C,Cfa,1991~2020,1991~2020,기상청 2021,330
부산남구,3.6,5.5,9.4,14.1,18.6,21.8,25.3,27,23.2,18.2,12,5.7,15.4,3.6,27,23.4,32.2,47.3,88.4,143.9,153.1,180.7,313.3,217.4,162.1,86.4,54.8,34.4,"1,514.00",35,7,N,129,5,E,중위도,35˚7´N,129˚5´E,124,대한민국,부산,C,Cfa,1996~2020,1996~2020,기상청 2021,신규
부산진,2.7,4.8,9,14,18.8,22.1,25.5,26.9,22.8,17.6,11.2,4.8,15,2.7,26.9,24.2,32.3,48.1,87.4,139.3,154.8,180,322.9,226.9,160.2,83.6,51.9,34.2,"1,521.60",35,9,N,129,1,E,중위도,35˚9´N,129˚1´E,114,대한민국,부산,C,Cfa,1996~2020,1996~2020,기상청 2021,신규
부안,-0.2,1.6,5.9,11.5,17.1,21.5,25.3,25.9,21.2,14.9,8.5,2.1,12.9,-0.2,25.9,26.1,31.7,36.4,47.3,80,84.9,131.8,275.5,260.3,139.4,56,52.3,42.4,"1,238.00",35,43,N,126,42,E,중위도,35˚43´N,126˚42´E,12,대한민국,전북,C,Cfa,1991~2020,1991~2020,기상청 2021,353
부여,-1.5,0.7,5.7,11.8,17.6,22.1,25.3,25.7,20.7,13.8,6.9,0.4,12.4,-1.5,25.7,27.2,24.9,37.6,50.9,85.3,97.5,157.1,295.7,284.8,146,63.6,51.8,31.4,"1,326.60",36,16,N,126,55,E,중위도,36˚16´N,126˚55´E,13,대한민국,충남,C,Cwa,1991~2020,1991~2020,기상청 2021,351
부천,-1.1,1.4,6.6,12.5,18.4,22.9,25.4,26.9,22.2,15.9,8.4,0.6,13.3,-1.1,26.9,28,11.6,25.4,34.9,65.1,87.8,110,391.5,207.8,147.4,46.9,58.4,18.2,"1,205.00",37,29,N,126,45,E,중위도,37˚29´N,126˚45´E,29,대한민국,경기,C,Cwa,2004~2020,2004~2020,기상청 2021,신규
부평,-3.3,-0.7,5.4,11.5,17.6,22.4,25.4,26.5,21.1,14,6.7,-1.3,12.1,-3.3,26.5,29.8,10.4,25,24.6,70.2,73.4,102.9,365.8,218.6,115.3,52.5,68.4,15.5,"1,142.60",37,28,N,126,45,E,중위도,37˚28´N,126˚45´E,26,대한민국,인천,D,Dwa,2011~2020,2011~2020,기상청 2021,신규
북구,2.2,4.3,8.6,13.9,18.7,22,25.2,26.4,22.2,16.9,10.5,4.2,14.6,2.2,26.4,24.2,28.6,43.7,72.3,119.9,127.3,164.1,291.9,238.5,156.2,77.1,51.2,27.7,"1,398.50",35,12,N,129,0,E,중위도,35˚12´N,129˚0´E,7,대한민국,부산,C,Cwa,1996~2020,1996~2020,기상청 2021,신규
사리원,-4.8,-1.8,4.1,11.3,17.3,21.8,24.6,24.9,20.1,13.2,5.3,-2.2,11.2,-4.8,24.9,29.7,8.9,12,18.1,42.6,71.2,80,203.1,203.5,85.6,40.7,32.7,14.7,813.1,38,31,N,125,46,E,중위도,38˚31´N,125˚46´E,52,북한,황북,D,Dwa,1991~2020,1991~2020,기상청 2021,394
사북,-5.8,-3.2,2.4,8.4,14.9,18.2,21.1,21.2,15.7,10.3,3.9,-3.9,8.6,-5.8,21.2,27,16.3,34.7,44.5,85.2,76.1,130.4,300.7,252.4,153.8,86,55.4,21.6,"1,257.10",37,13,N,128,49,E,중위도,37˚13´N,128˚49´E,822,대한민국,강원,D,Dwb,2011~2020,2011~2020,기상청 2021,신규
산청,0.4,2.4,6.9,12.8,17.8,21.6,24.7,25.1,20.3,14.1,7.9,2.1,13,0.4,25.1,24.7,24.4,40.9,66.8,106.5,105.5,172.4,328.5,362.3,207.2,74.2,43.6,23.9,"1,556.20",35,24,N,127,52,E,중위도,35˚24´N,127˚52´E,138,대한민국,경남,C,Cwa,1991~2020,1991~2020,기상청 2021,373
삼지연,-16.9,-13.7,-7.2,1.5,8.5,13.2,16.8,16.1,10,2.6,-6.6,-14.5,0.8,-16.9,16.8,33.7,14.7,17.5,31.5,46.5,91.4,128.5,188.9,188.9,72.6,42.3,44.7,23.6,891.1,41,49,N,128,18,E,중위도,41˚49´N,128˚18´E,"1,386",북한,양강,D,Dwb,1991~2020,1991~2020,기상청 2021,381
삼척,1.4,2.9,7.1,12.5,17.5,20.6,24.1,25,20.3,15.5,9.6,3.2,13.3,1.4,25,23.6,38.6,41.1,60,72.1,52.2,98.7,255,217.1,224.9,111.3,62.4,24.8,"1,258.20",37,27,N,129,10,E,중위도,37˚27´N,129˚10´E,68,대한민국,강원,C,Cwa,2004~2020,2004~2020,기상청 2021,신규
삼천포,2.7,4.5,8.5,13.5,18.1,21.4,24.8,26.4,22.9,17.6,11.3,4.9,14.7,2.7,26.4,23.7,25.6,44.7,76.4,122.1,139.1,186.3,295,237.4,171.5,77.4,45.9,24.9,"1,446.30",34,55,N,128,3,E,중위도,34˚55´N,128˚3´E,29,대한민국,경남,C,Cwa,1993~2020,1994~2020,기상청 2021,신규
상주,-0.9,1.4,6.8,12.9,18.6,22.5,24.9,25.3,20.1,13.8,7.2,0.4,12.8,-0.9,25.3,26.2,21.7,33.3,46.9,86.6,87.6,115.2,279.3,253.9,138.5,57.1,35.2,23.3,"1,178.60",36,24,N,128,9,E,중위도,36˚24´N,128˚9´E,97,대한민국,경북,C,Cwa,2002~2020,2002~2020,기상청 2021,신규
서귀포,7.2,8.2,11,15,18.8,21.8,25.7,27.2,24.1,19.6,14.6,9.4,16.9,7.2,27.2,20,60.7,77.9,130.3,187,223.6,267.6,275.8,315.7,208.8,100.4,86.2,55.6,"1,989.60",33,14,N,126,33,E,중위도,33˚14´N,126˚33´E,52,대한민국,제주,C,Cfa,1991~2020,1991~2020,기상청 2021,339
서대문,-2.4,0.2,5.8,12.3,17.8,22.2,24.8,25.6,21.2,14.6,7,-0.3,12.4,-2.4,25.6,28,14.5,25.8,33,70.9,86.8,122,357.3,280.8,133.6,46.2,45.2,18.3,"1,234.40",37,34,N,126,56,E,중위도,37˚34´N,126˚56´E,103,대한민국,서울,C,Cwa,1996~2020,1996~2020,기상청 2021,신규
서산,-1.6,0.1,4.9,10.9,16.6,21.3,24.5,25.3,20.7,14.1,7.4,0.8,12.1,-1.6,25.3,26.9,23.5,31.1,41.5,74.7,101.1,138.2,274.6,283.5,144.4,53,54.1,34.2,"1,253.90",36,46,N,126,29,E,중위도,36˚46´N,126˚29´E,25,대한민국,충남,C,Cwa,1991~2020,1991~2020,기상청 2021,317
서울,-1.9,0.7,6.1,12.6,18.2,22.7,25.3,26.1,21.6,15,7.5,0.2,12.8,-1.9,26.1,28,16.8,28.2,36.9,72.9,103.6,129.5,414.4,348.2,141.5,52.2,51.1,22.6,"1,417.90",37,34,N,126,57,E,중위도,37˚34´N,126˚57´E,86,대한민국,서울,C,Cwa,1991~2020,1991~2020,기상청 2021,310
서천,-1.1,0.9,5.2,11,17,21.7,25.2,25.8,20.9,14.3,7.8,1.1,12.5,-1.1,25.8,26.9,23.2,31.7,42.4,81,89.2,136,266.4,232.1,128.9,60.1,53.8,31,"1,175.80",36,3,N,126,42,E,중위도,36˚3´N,126˚42´E,10,대한민국,충남,C,Cwa,1993~2020,1994~2020,기상청 2021,신규
서초,-1.2,1.5,7,13.3,19.2,23.7,26.3,27.1,22.6,15.8,8.2,0.9,13.7,-1.2,27.1,28.3,16.2,26.8,34.3,68.7,89.5,123.8,367.1,317.1,146.2,45.5,50.5,19.4,"1,305.10",37,29,N,127,1,E,중위도,37˚29´N,127˚1´E,33,대한민국,서울,C,Cwa,1996~2020,1996~2020,기상청 2021,신규
선봉,-6.6,-4.4,0.8,6.8,11.3,15.7,20,21.6,17.2,10.3,2.1,-4.6,7.5,-6.6,21.6,28.2,4.7,7.6,16.9,33.5,83,92.4,164.4,153,85.2,45.1,22.6,7.1,715.5,42,19,N,130,24,E,중위도,42˚19´N,130˚24´E,3,북한,함북,D,Dwb,1991~2020,1991~2020,기상청 2021,375
성남,-1.8,0.9,6.5,12.9,18.6,23.2,25.8,26.5,21.7,14.9,7.5,0.2,13.1,-1.8,26.5,28.3,14.9,25.3,36,64.7,85.3,111.8,375.5,320.2,131.1,45.9,44.5,19.6,"1,274.80",37,25,N,127,7,E,중위도,37˚25´N,127˚7´E,29,대한민국,경기,C,Cwa,1995~2020,1995~2020,기상청 2021,신규
성동,-0.9,1.8,7.1,13.4,19.2,23.5,25.8,26.7,22.4,16.1,8.6,1,13.7,-0.9,26.7,27.6,13.3,24.4,29.7,63.1,80.4,116,425,269.8,136.2,46.9,46.2,18,"1,269.00",37,32,N,127,2,E,중위도,37˚32´N,127˚2´E,35,대한민국,서울,C,Cwa,2001~2020,2001~2020,기상청 2021,신규
성북,-2.3,0.3,5.9,12.2,18.1,22.6,25.1,25.9,21.3,14.7,7.2,-0.3,12.6,-2.3,25.9,28.2,14.9,24.8,33.4,70.9,102.5,132.2,411.4,342.9,138.7,47.6,47.7,18,"1,385.00",37,36,N,126,59,E,중위도,37˚36´N,126˚59´E,129,대한민국,서울,C,Cwa,1996~2020,1996~2020,기상청 2021,신규
성산,5.4,6.3,9.5,13.8,17.7,20.9,25.1,26.5,23.2,18.2,12.7,7.5,15.6,5.4,26.5,21.1,77.5,83.2,139.4,161.3,178,231.9,271.3,343.2,248.6,114,102.8,78.8,"2,030.00",33,23,N,126,52,E,중위도,33˚23´N,126˚52´E,20,대한민국,제주,C,Cfa,1991~2020,1991~2020,기상청 2021,338
성주,-1,1.7,6.9,13.1,18.4,22.5,25.5,25.7,20.7,14.3,7.3,0.6,13,-1,25.7,26.7,15.2,28.3,44.6,79.5,82.3,126.7,227.5,249.1,163.5,63.1,29.8,16.5,"1,126.10",35,55,N,128,17,E,중위도,35˚55´N,128˚17´E,34,대한민국,경북,C,Cwa,1993~2020,1994~2020,기상청 2021,신규
성판악,-0.4,1,4.9,10.2,14.7,17.7,21.4,21.6,17.8,12.8,7.4,1.9,10.9,-0.4,21.6,22,137.1,182.4,258.8,414.9,465.9,451.7,583.9,717,581.1,237.2,197.5,153.5,"4,381.00",33,23,N,126,37,E,중위도,33˚23´N,126˚37´E,760,대한민국,제주,C,Cfb,1999~2020,1999~2020,기상청 2021,신규
세종연서,-2.7,-0.1,5.5,11.7,17.4,21.7,24.7,24.9,19.8,13,6.1,-0.7,11.8,-2.7,24.9,27.6,22.6,31.4,42.4,76.6,86.5,132.5,284.9,260.3,141.2,58.4,45.3,22.8,"1,204.90",36,34,N,127,16,E,중위도,36˚34´N,127˚16´E,51,대한민국,세종,C,Cwa,1993~2020,1994~2020,기상청 2021,신규
세천,-2.1,0.4,5.8,12.2,17.7,22,24.9,25.4,20.4,13.6,6.7,-0.2,12.2,-2.1,25.4,27.5,20.5,30.3,42.8,76.3,79.6,147.9,297.2,278.3,144.2,54.6,43.6,24.5,"1,239.80",36,20,N,127,29,E,중위도,36˚20´N,127˚29´E,91,대한민국,대전,C,Cwa,1996~2020,1996~2020,기상청 2021,신규
속초,0.1,1.9,6.3,11.9,16.3,19.8,23.4,24.1,20.1,15.1,8.8,2.5,12.5,0.1,24.1,24,43.5,45.9,52.3,73.3,88.5,119.5,265.6,298,200.6,87.9,92,40.1,"1,407.20",38,15,N,128,33,E,중위도,38˚15´N,128˚33´E,18,대한민국,강원,C,Cfa,1991~2020,1991~2020,기상청 2021,302
송파,-0.9,1.9,7.3,13.7,19.4,23.7,26.1,26.8,22.5,16,8.5,1.2,13.9,-0.9,26.8,27.7,13.3,23.4,32.1,66.2,88.7,132.8,377.4,310.1,139.4,46.2,47.5,17,"1,294.10",37,30,N,127,5,E,중위도,37˚30´N,127˚5´E,58,대한민국,서울,C,Cwa,1996~2020,1996~2020,기상청 2021,신규
수원,-2.1,0.3,5.7,12,17.6,22.2,25.3,26,21.4,14.6,7.2,0.1,12.5,-2.1,26,28.1,18.1,28.3,40.7,71.6,95,122.9,385.1,296.3,133.5,54.1,48.9,25.8,"1,320.30",37,15,N,126,58,E,중위도,37˚15´N,126˚58´E,40,대한민국,경기,C,Cwa,1991~2020,1991~2020,기상청 2021,314
수풍,-7.6,-4.1,2.2,9.9,16.3,20.8,24,23.7,18.4,10.9,2.8,-5.5,9.3,-7.6,24,31.6,5.3,17.9,21.7,49.4,73.1,111.7,242.4,251.2,82.3,62.6,48,14.8,980.4,40,27,N,124,56,E,중위도,40˚27´N,124˚56´E,83,북한,평북,D,Dwa,1991~2020,1991~2020,기상청 2021,387
순창군,-1.5,1.4,6.3,12,18.1,22.4,25.4,26,20.8,14.2,7.6,0.5,12.8,-1.5,26,27.5,25.9,46.7,62.1,104.8,87.3,122.3,366.6,336.1,137.8,88.6,59.2,35.9,"1,473.30",35,22,N,127,7,E,중위도,35˚22´N,127˚7´E,129,대한민국,전북,C,Cwa,2009~2020,2009~2020,기상청 2021,신규
순천시,2.5,4.3,8.5,14,18.9,22.4,25.5,26.6,22.6,16.9,10.5,4.4,14.8,2.5,26.6,24.1,21.1,44.2,65.8,118.2,141.7,190.4,307.9,275.4,165.6,67.2,45.3,24.6,"1,467.40",34,56,N,127,30,E,중위도,34˚56´N,127˚30´E,13,대한민국,전남,C,Cwa,1993~2020,1994~2020,기상청 2021,신규
시흥,-1.9,0.5,5.6,11.9,17.6,22.1,25.4,26.4,21.7,15.1,7.6,0.3,12.7,-1.9,26.4,28.3,14.3,22.4,29.6,60.4,78.4,107,321.4,254,122.4,47.5,46.7,18.5,"1,122.60",37,23,N,126,46,E,중위도,37˚23´N,126˚46´E,6,대한민국,경기,C,Cwa,1994~2020,1994~2020,기상청 2021,신규
신계,-5.2,-2.1,3.9,10.7,16.7,21.5,24,24.4,19.6,12.7,4.5,-3,10.6,-5.2,24.4,29.6,10.3,16.2,23.3,45.3,87.7,99.1,314.6,272.2,89.9,38,39.8,17.2,"1,053.60",38,30,N,126,32,E,중위도,38˚30´N,126˚32´E,100,북한,황북,D,Dwa,1991~2020,1991~2020,기상청 2021,395
신의주,-6.2,-2.8,3.2,10.1,16.2,20.9,24.1,24.5,19.7,12.2,3.6,-4.2,10.1,-6.2,24.5,30.7,5.9,14.9,20.3,53.7,85,122.6,251.9,241.3,95.7,78.8,37.2,13.6,"1,020.90",40,6,N,124,23,E,중위도,40˚6´N,124˚23´E,7,북한,평북,D,Dwa,1991~2020,1991~2020,기상청 2021,388
신포,-2.6,-0.8,3.7,9.3,14,18.3,22.1,23.1,19.1,13.1,5.8,-0.4,10.4,-2.6,23.1,25.7,18.2,14.2,17,33.7,61.3,58.3,152.3,123.8,86.2,39.9,37.6,15.8,658.3,40,2,N,128,11,E,중위도,40˚2´N,128˚11´E,19,북한,함남,C,Cwa,1991~2020,1991~2020,기상청 2021,379
아산,-1.9,0.2,5.4,11.7,17.7,22,25.2,26,21.1,14.5,7.3,0.3,12.5,-1.9,26,27.9,16.2,23.4,31.9,64.5,73.3,105.7,289.3,273.8,144.2,46.9,44.2,19.5,"1,132.90",36,50,N,126,51,E,중위도,36˚50´N,126˚51´E,30,대한민국,충남,C,Cwa,1995~2020,1995~2020,기상청 2021,신규
안동,-1.8,0.8,6,12.4,17.8,21.9,24.8,25.1,20,13.5,6.4,-0.1,12.2,-1.8,25.1,26.9,16.7,24.9,44.5,74,85.1,123.1,235.2,226.4,119.8,46.5,30.9,18.6,"1,045.70",36,34,N,128,42,E,중위도,36˚34´N,128˚42´E,141,대한민국,경북,C,Cwa,1991~2020,1991~2020,기상청 2021,322
안산,-3.3,-0.6,4.7,11,16.6,21.4,24.8,25.5,20.6,13.5,6.2,-0.9,11.6,-3.3,25.5,28.8,15.1,25.6,35.7,67.5,76.4,100.7,321.7,225.9,124.9,47.3,44,19,"1,103.80",37,16,N,126,50,E,중위도,37˚16´N,126˚50´E,6,대한민국,경기,D,Dwa,1993~2020,1994~2020,기상청 2021,신규
안성,-2.4,0.2,5.6,12.2,18.1,22.7,25.6,26.1,21.2,14.3,6.9,-0.4,12.5,-2.4,26.1,28.5,19,23.3,34.9,68.5,72.6,125.3,323.1,267,149.1,50.7,41.4,20,"1,194.90",37,0,N,127,15,E,중위도,37˚0´N,127˚15´E,24,대한민국,경기,C,Cwa,1993~2020,1994~2020,기상청 2021,신규
안양,-1.4,1.1,6.3,12.3,18.4,22.9,25.4,26.4,21.8,15.5,8,0.4,13.1,-1.4,26.4,27.8,12.6,27.1,36.5,69.1,92.7,114.1,409.9,257.3,144.5,50.7,58.3,22.1,"1,294.90",37,23,N,126,57,E,중위도,37˚23´N,126˚57´E,96,대한민국,경기,C,Cwa,2004~2020,2004~2020,기상청 2021,신규
안주,-6.5,-2.9,3.2,10.3,16.3,21.1,24.2,24.5,19.4,12.1,3.9,-4.1,10.1,-6.5,24.5,31,7.8,15.2,20.9,48.8,78.8,97.8,292.8,243.8,100.3,50.1,46,15.4,"1,017.70",39,37,N,125,39,E,중위도,39˚37´N,125˚39´E,27,북한,평남,D,Dwa,1991~2020,1991~2020,기상청 2021,390
압해도,1.7,2.9,6.8,12.1,17.4,21.6,25,26.4,22.3,16.7,10.4,4,13.9,1.7,26.4,24.7,23.5,33.6,53.7,80.9,86.5,121.7,230.7,209.4,141.9,69.2,41.6,32.1,"1,124.80",34,52,N,126,17,E,중위도,34˚52´N,126˚17´E,9,대한민국,전남,C,Cfa,1999~2020,1999~2020,기상청 2021,신규
양구,-5.8,-2.6,3.7,10.4,16.2,20.7,23.5,23.6,18.1,11.3,4.1,-3.6,10,-5.8,23.6,29.4,12.6,20.1,27.1,63.3,79.3,111,321.4,310.9,121.1,42.5,43.5,14.2,"1,167.00",38,5,N,127,59,E,중위도,38˚5´N,127˚59´E,188,대한민국,강원,D,Dwa,1993~2020,1994~2020,기상청 2021,신규
양덕,-8.1,-4.4,2,9,15.4,20,23,23.1,17.6,10.3,2.7,-5.1,8.8,-8.1,23.1,31.2,9.4,15.4,25.7,48.7,80,117.8,275.8,231.3,94.2,46.6,41.5,19.6,"1,006.00",39,13,N,126,39,E,중위도,39˚13´N,126˚39´E,279,북한,평남,D,Dwa,1991~2020,1991~2020,기상청 2021,391
양산시,2.3,4.6,8.9,13.7,19.1,22.7,26.1,27.4,22.6,17,10.7,4,14.9,2.3,27.4,25.1,27,54.6,83.1,126.8,110.2,147.7,313.3,214.6,207.8,112.4,52.2,33.6,"1,483.30",35,18,N,129,1,E,중위도,35˚18´N,129˚1´E,6,대한민국,경남,C,Cwa,2010~2020,2009~2020,기상청 2021,신규
양양,0.4,1.9,6.5,12,17.6,20.6,24.1,24.7,19.8,15,8.9,2.1,12.8,0.4,24.7,24.3,32.9,35.7,65.6,71.4,70.3,116.7,257.5,265.6,198.9,87.6,81.4,27.6,"1,311.20",38,5,N,128,37,E,중위도,38˚5´N,128˚37´E,4,대한민국,강원,C,Cfa,2007~2020,2007~2020,기상청 2021,신규
양주,-4.8,-1.5,4.5,11.2,17.3,22.1,24.8,25.3,20.1,12.7,5,-2.5,11.2,-4.8,25.3,30.1,14.3,23.2,30.6,63.7,95.6,114.6,381,340.4,141.7,47.4,46.2,18.2,"1,316.90",37,49,N,126,59,E,중위도,37˚49´N,126˚59´E,88,대한민국,경기,D,Dwa,1996~2020,1996~2020,기상청 2021,신규
양천,-1.3,1.3,6.8,13.2,19.1,23.6,26.3,27.2,22.9,16.2,8.3,0.9,13.7,-1.3,27.2,28.5,15.1,23.6,32.8,66.1,90.5,113.1,342.4,286.9,128.5,44.7,46.4,17.6,"1,207.70",37,31,N,126,52,E,중위도,37˚31´N,126˚52´E,12,대한민국,서울,C,Cwa,1996~2020,1996~2020,기상청 2021,신규
양평,-3.4,-0.5,5.4,12,17.6,22.2,24.9,25.2,20,13,5.7,-1.3,11.7,-3.4,25.2,28.6,17.2,28,38,72.5,94.4,134.2,409,330.9,144.5,47.1,46.4,21.4,"1,383.60",37,29,N,127,29,E,중위도,37˚29´N,127˚29´E,47,대한민국,경기,D,Dwa,1991~2020,1991~2020,기상청 2021,342
여수,2.8,4.4,8.3,13.3,17.9,21.2,24.5,26,22.6,17.5,11.3,5.1,14.6,2.8,26,23.2,24.5,44.6,83.9,125.2,143.5,194.3,276.8,264.8,151.7,66.6,46.8,26.4,"1,449.10",34,44,N,127,44,E,중위도,34˚44´N,127˚44´E,66,대한민국,전남,C,Cwa,1991~2020,1991~2020,기상청 2021,333
여주,-3.6,-0.8,5.1,11.8,17.9,22.2,24.8,25.1,19.9,12.9,5.5,-1.8,11.6,-3.6,25.1,28.7,17,23.9,34.2,60.4,71.7,125,321.5,258.8,154.2,48.2,41.2,16.9,"1,173.00",37,16,N,127,38,E,중위도,37˚16´N,127˚38´E,119,대한민국,경기,D,Dwa,1993~2020,1994~2020,기상청 2021,신규
연천청산,-4.7,-1.3,4.8,11.5,17.6,22.3,25,25.5,20.3,12.9,5.3,-2.6,11.4,-4.7,25.5,30.2,15.4,22.7,29.1,61.5,84.2,112.1,379.7,346.6,133.5,52.9,44,14.1,"1,295.80",37,59,N,127,4,E,중위도,37˚59´N,127˚4´E,38,대한민국,경기,D,Dwa,1999~2020,1999~2020,기상청 2021,신규
영광군,-0.4,1.5,6,11.4,17.5,21.8,25.7,26.4,21.4,15.2,8.8,1.9,13.1,-0.4,26.4,26.8,32.7,38.4,58.2,90.1,93.8,104.7,259.9,286.7,134.8,75,57.3,46.2,"1,277.80",35,17,N,126,28,E,중위도,35˚17´N,126˚28´E,37,대한민국,전남,C,Cfa,2008~2020,2008~2020,기상청 2021,신규
영덕,1,2.9,7,12.5,17.1,20.4,24.1,24.5,20.1,15,9.2,3.1,13.1,1,24.5,23.5,37.4,30.5,49.1,79.5,74.5,113.4,194.3,213.6,159.6,86.2,49.8,24.3,"1,112.20",36,32,N,129,24,E,중위도,36˚32´N,129˚24´E,41,대한민국,경북,C,Cfa,1991~2020,1991~2020,기상청 2021,366
영도,3.5,5.2,8.8,12.9,16.7,19.9,23.1,25.1,22.1,17.5,11.9,5.7,14.4,3.5,25.1,21.6,30.6,38.9,70.7,119.4,114.7,154.1,264.9,199.3,142.8,77.1,42.4,30.7,"1,285.60",35,3,N,129,4,E,중위도,35˚3´N,129˚4´E,139,대한민국,부산,C,Cfa,1993~2020,1994~2020,기상청 2021,신규
영등포,-1.1,1.6,6.9,13.4,19.2,23.5,26.1,27.3,22.9,16.3,8.6,1,13.8,-1.1,27.3,28.4,13.1,20.7,29.9,60.2,83.9,113.1,347.5,314.4,133.2,50.7,44,17.1,"1,227.80",37,31,N,126,54,E,중위도,37˚31´N,126˚54´E,25,대한민국,서울,C,Cwa,1993~2020,1994~2020,기상청 2021,신규
영암,0.7,2.5,6.9,12.5,17.9,22.3,25.7,26.5,21.8,15.4,9.1,2.7,13.7,0.7,26.5,25.8,26.1,34,62.9,87.7,97.7,138,230.8,241.9,156.2,61.6,49.3,32.2,"1,218.40",34,48,N,126,41,E,중위도,34˚48´N,126˚41´E,5,대한민국,전남,C,Cfa,1994~2020,1994~2020,기상청 2021,신규
영양,-2.5,0.1,5.1,11.2,16.3,20,23.3,23.8,18.7,12.6,6,-0.5,11.2,-2.5,23.8,26.3,19.4,22.8,42.2,75.2,78.3,114.5,209.2,208.9,128.4,50.4,30.6,16.8,996.7,36,37,N,129,5,E,중위도,36˚37´N,129˚5´E,217,대한민국,경북,C,Cwa,1993~2020,1994~2020,기상청 2021,신규
영월,-3.6,-0.8,4.9,11.5,17,21.3,23.9,24.3,19.2,12.6,5.3,-1.7,11.2,-3.6,24.3,27.9,19.1,28.2,45.1,73.5,78.4,137.1,294.8,280.4,139.4,49.4,37.4,22.3,"1,205.10",37,10,N,128,27,E,중위도,37˚10´N,128˚27´E,241,대한민국,강원,D,Dwa,1995~2020,1995~2020,기상청 2021,315
영주,-2.2,0.2,5.4,11.8,17.2,21.3,24,24.2,19.3,12.9,6.1,-0.4,11.7,-2.2,24.2,26.4,18.4,30.2,53.3,94.8,118.5,158.5,298.8,283.7,154.1,58.2,42.2,23.3,"1,334.00",36,52,N,128,31,E,중위도,36˚52´N,128˚31´E,211,대한민국,경북,C,Cwa,1991~2020,1991~2020,기상청 2021,364
영천,-0.5,1.7,6.6,12.7,17.8,21.7,25,25.3,20.4,14.1,7.3,1.1,12.8,-0.5,25.3,25.8,22.1,26,50,76.4,85.8,126,229.8,233.2,137.6,48.6,31.6,18.8,"1,085.90",35,58,N,128,57,E,중위도,35˚58´N,128˚57´E,96,대한민국,경북,C,Cwa,1991~2020,1991~2020,기상청 2021,신규
예산,-2.1,0.2,5.4,11.9,17.9,22.4,25.6,26.2,21.2,14.3,7.2,0.1,12.5,-2.1,26.2,28.3,19.6,25.6,36.7,67.8,74,128.6,270.8,253,157.8,52.7,48,23.6,"1,158.20",36,44,N,126,48,E,중위도,36˚44´N,126˚48´E,39,대한민국,충남,C,Cwa,1993~2020,1994~2020,기상청 2021,신규
예천,-2.3,0.4,5.8,12.1,17.5,21.6,24.5,24.7,19.6,12.9,6,-0.6,11.9,-2.3,24.7,27,16.2,22.8,41.1,73.6,87,130.7,240.9,225.2,127.2,47.7,27.9,17,"1,057.30",36,39,N,128,27,E,중위도,36˚39´N,128˚27´E,102,대한민국,경북,C,Cwa,1993~2020,1994~2020,기상청 2021,신규
오산,-2.6,-0.1,5.4,11.9,17.6,22.1,25.2,25.7,21,14.1,7,-0.4,12.2,-2.6,25.7,28.3,15.3,24.2,34.6,76,92.2,114.9,342.2,257.4,134.2,52.7,42.6,18.1,"1,204.40",37,11,N,127,2,E,중위도,37˚11´N,127˚2´E,42,대한민국,경기,C,Cwa,1993~2020,1994~2020,기상청 2021,신규
옥천,-2.2,0.3,5.7,12.1,17.7,22.2,25,25.3,20.1,13.1,6.5,-0.3,12.1,-2.2,25.3,27.5,21.3,32.5,48,74.4,74.4,141.6,284,265.2,133.3,56.4,44.4,23.8,"1,199.30",36,17,N,127,35,E,중위도,36˚17´N,127˚35´E,123,대한민국,충북,C,Cwa,1993~2020,1994~2020,기상청 2021,신규
완도,2.7,3.9,7.8,12.9,17.6,21.2,24.7,26,22.3,16.9,10.8,4.9,14.3,2.7,26,23.3,34,52.6,103.7,141.7,147,207.2,257.2,238.8,176.4,73,62.7,37.2,"1,531.50",34,23,N,126,42,E,중위도,34˚23´N,126˚42´E,35,대한민국,전남,C,Cfa,1991~2020,1991~2020,기상청 2021,335
완주,-1,1.2,6.1,12.2,18,22.5,25.9,26.2,21.3,14.5,7.7,1.1,13,-1,26.2,27.2,26.2,39.3,47.6,86.5,92.4,150.6,310.4,306.4,115.6,50.9,44.5,25.7,"1,296.10",35,59,N,127,14,E,중위도,35˚59´N,127˚14´E,64,대한민국,전북,C,Cwa,1993~2020,1994~2020,기상청 2021,신규
용산,-1.4,1.2,6.8,13.3,19.2,23.7,26.2,27.1,22.6,15.9,8.2,0.7,13.6,-1.4,27.1,28.5,15.8,26.1,32.9,61.6,83.8,120.6,349.2,293,137.8,45.9,51.5,18.7,"1,236.90",37,31,N,126,58,E,중위도,37˚31´N,126˚58´E,32,대한민국,서울,C,Cwa,1996~2020,1996~2020,기상청 2021,신규
용연,-3.7,-1.3,3.9,10.4,16,20.7,24,24.5,19.7,13.1,5.9,-1.1,11,-3.7,24.5,28.2,9.4,14.5,18.7,44.1,74.7,81.3,205.7,182.3,81.7,32.5,37.6,18.1,800.6,38,9,N,124,53,E,중위도,38˚9´N,124˚53´E,5,북한,황남,D,Dwa,1991~2020,1991~2020,기상청 2021,397
용인,-3.1,-0.4,5.2,11.4,17.1,21.7,24.7,25.1,19.8,12.9,5.8,-1.3,11.6,-3.1,25.1,28.2,17.2,31.6,40.3,75.6,89.4,123.5,374.6,290.3,130.7,50.1,47.2,21.4,"1,291.90",37,16,N,127,13,E,중위도,37˚16´N,127˚13´E,83,대한민국,경기,D,Dwa,1994~2020,1994~2020,기상청 2021,신규
울기,3.3,5.1,8.7,12.9,16.5,19.7,22.4,24.7,22,17.6,11.7,5.5,14.2,3.3,24.7,21.4,36,41.9,65.1,89.5,102,137.4,201,172.4,165.7,76.1,56,26.1,"1,169.20",35,29,N,129,26,E,중위도,35˚29´N,129˚26´E,68,대한민국,울산,C,Cfa,1993~2020,1994~2020,기상청 2021,신규
울릉도,1.7,2.5,5.8,11.1,15.8,19.1,22.7,23.8,20,15.4,9.9,4.3,12.7,1.7,23.8,22.1,117.4,91.3,76.4,97.8,108.5,116.8,175,176.7,173.6,100.9,116.9,129.3,"1,480.60",37,28,N,130,53,E,중위도,37˚28´N,130˚53´E,221,대한민국,경북,C,Cfa,1991~2020,1991~2020,기상청 2021,313
울산,2.4,4.3,8.4,13.7,18.2,21.6,25.2,26,21.7,16.5,10.4,4.3,14.4,2.4,26,23.6,38.6,39.9,68.4,96.9,107.4,155.5,234.1,234.1,170.3,74.8,44.2,28.4,"1,292.60",35,34,N,129,20,E,중위도,35˚34´N,129˚20´E,81,대한민국,울산,C,Cfa,1991~2020,1991~2020,기상청 2021,327
울진,1.4,3,6.9,12.1,16.3,19.4,23.1,23.9,20,15.1,9.3,3.6,12.8,1.4,23.9,22.5,48.9,36.9,56,76.4,70.5,104.3,203,213,181.2,97.3,61,33.2,"1,181.70",36,59,N,129,24,E,중위도,36˚59´N,129˚24´E,49,대한민국,경북,C,Cfa,1991~2020,1991~2020,기상청 2021,318
원산,-1.7,0.4,5.3,11.5,16.5,20.1,23.4,23.8,19.6,14,7.2,0.6,11.7,-1.7,23.8,25.5,21.9,26.9,34.6,58.1,96.1,128.9,319.1,279.3,201.8,76.9,71.6,34.8,"1,350.00",39,11,N,127,26,E,중위도,39˚11´N,127˚26´E,36,북한,강원,C,Cwa,1991~2020,1991~2020,기상청 2021,399
원주,-3.1,-0.3,5.5,12.2,17.9,22.4,25.1,25.3,20.2,13.3,6,-1.1,12,-3.1,25.3,28.4,18,28.5,43.8,73,86.1,136.7,357.8,289.8,147,52.7,42.1,23.5,"1,299.00",37,20,N,127,56,E,중위도,37˚20´N,127˚56´E,150,대한민국,강원,D,Dwa,1991~2020,1991~2020,기상청 2021,312
은평,-2.8,0,5.6,11.9,17.6,22.2,25,25.8,21.1,14.3,7,-0.6,12.3,-2.8,25.8,28.6,12.9,22.9,28.3,64.7,83.4,107,377.3,302.7,124.6,41.1,43.5,16.1,"1,224.50",37,38,N,126,56,E,중위도,37˚38´N,126˚56´E,55,대한민국,서울,C,Cwa,1996~2020,1996~2020,기상청 2021,신규
음성,-3.9,-1.1,4.4,11.2,16.8,21.5,24.5,24.7,19.2,12,5.2,-2.1,11,-3.9,24.7,28.6,20.5,27.6,43.1,71.6,83.4,142.9,302.4,274.4,133.6,56.2,43,22.1,"1,220.80",36,55,N,127,42,E,중위도,36˚55´N,127˚42´E,133,대한민국,충북,D,Dwa,1993~2020,1994~2020,기상청 2021,신규
의령군,-0.3,2.3,7.7,12.9,18.6,22.2,25.4,25.7,20.3,14.2,8.1,1.2,13.2,-0.3,25.7,26,22.5,34.7,73.5,118.4,88,121.5,267.2,254.4,188.4,109.7,48.1,28.6,"1,355.00",35,19,N,128,17,E,중위도,35˚19´N,128˚17´E,14,대한민국,경남,C,Cwa,2011~2020,2011~2020,기상청 2021,신규
의성,-3,-0.3,5.3,11.7,17.1,21.6,24.8,25.1,19.8,12.7,5.5,-1.1,11.6,-3,25.1,28.1,15.5,22.6,41.5,73.6,78.6,115.8,221.4,229.6,124.3,41.5,30.5,16.3,"1,011.20",36,21,N,128,41,E,중위도,36˚21´N,128˚41´E,81,대한민국,경북,D,Dwa,1991~2020,1991~2020,기상청 2021,367
의왕,-2.7,0,5.2,11.2,17,21.7,24.5,25.3,20.3,13.9,6.8,-0.9,11.9,-2.7,25.3,28,12.6,26.4,36.4,68.1,90.9,117.1,437.7,259.1,136.7,50.9,57.5,20.6,"1,314.00",37,20,N,126,58,E,중위도,37˚20´N,126˚58´E,94,대한민국,경기,C,Cwa,2004~2020,2004~2020,기상청 2021,신규
의정부,-3.5,-0.5,5.1,11.7,17.4,22,25,25.2,20.1,13.3,6,-1.5,11.7,-3.5,25.2,28.7,16,25.2,33.3,72.4,99.6,127.4,425.7,399.2,133.9,54.3,48.6,20.6,"1,456.20",37,44,N,127,4,E,중위도,37˚44´N,127˚4´E,89,대한민국,경기,D,Dwa,1993~2020,1994~2020,기상청 2021,신규
이천,-3.1,-0.3,5.4,11.9,17.6,22,24.7,25,19.8,13,5.8,-1.2,11.7,-3.1,25,28.1,19.2,29.6,42.9,78.5,93.2,128.2,364.3,288,153.1,50.9,45.1,22.9,"1,315.90",37,15,N,127,29,E,중위도,37˚15´N,127˚29´E,80,대한민국,경기,D,Dwa,1991~2020,1991~2020,기상청 2021,343
익산,-0.4,1.8,6.2,12.1,18,22.5,25.7,26.2,21.5,14.9,8.2,1.6,13.2,-0.4,26.2,26.6,21.5,32.3,42.7,76.3,83.1,139.9,271.5,261.3,113.4,48.5,41.4,25.4,"1,157.30",35,56,N,126,59,E,중위도,35˚56´N,126˚59´E,15,대한민국,전북,C,Cwa,1993~2020,1994~2020,기상청 2021,신규
인제,-4.7,-1.8,4,10.6,16.1,20.4,23.3,23.4,18.4,11.8,4.8,-2.1,10.4,-4.7,23.4,28.1,16.6,22.8,32.1,69.8,92.6,116.8,332.4,287.6,127.4,44.8,40.9,20.8,"1,204.60",38,3,N,128,10,E,중위도,38˚3´N,128˚10´E,202,대한민국,강원,D,Dwa,1991~2020,1991~2020,기상청 2021,344
인천,-1.5,0.7,5.6,11.5,16.8,21.3,24.4,25.6,21.5,15.3,7.9,0.7,12.5,-1.5,25.6,27.1,15.9,25.1,33.8,63.5,96.3,106,337.7,274.6,130.3,51.1,50.8,22.3,"1,207.40",37,28,N,126,37,E,중위도,37˚28´N,126˚37´E,69,대한민국,인천,C,Cwa,1991~2020,1991~2020,기상청 2021,311
인천연수,-1.6,0.7,5.8,11.7,17.3,22,25.2,26.5,22.1,15.5,8,0.7,12.8,-1.6,26.5,28.1,12.7,22.4,28.8,60.8,84.3,98.6,315.7,235.6,116.5,45.9,47.4,16.7,"1,085.40",37,23,N,126,39,E,중위도,37˚23´N,126˚39´E,8,대한민국,인천,C,Cwa,1996~2020,1996~2020,기상청 2021,신규
임실,-2.5,-0.3,4.6,10.7,16.3,20.8,24.1,24.4,19.5,12.5,6,-0.4,11.3,-2.5,24.4,26.9,28.5,36.9,53.8,83.6,85.9,142.4,312,312.1,138.3,58.1,50.7,33.3,"1,335.60",35,36,N,127,17,E,중위도,35˚36´N,127˚17´E,247,대한민국,전북,C,Cwa,1991~2020,1991~2020,기상청 2021,354
장동,-2,0.7,6,12.4,18,22.3,25.1,25.6,20.6,13.8,7,0.1,12.5,-2,25.6,27.6,19.8,29.4,36.4,80.4,82.7,161.7,313.6,260.3,147.4,54,38.4,21.2,"1,245.30",36,24,N,127,26,E,중위도,36˚24´N,127˚26´E,100,대한민국,대전,C,Cwa,1997~2020,1997~2020,기상청 2021,신규
장성,-0.4,1.7,6.1,12.2,17.5,22,25.2,25.7,21.1,14.5,8.1,1.6,12.9,-0.4,25.7,26.1,30.9,40,58.2,86.7,99.2,136,294.7,298.5,143.4,64.9,52.2,35,"1,339.70",35,16,N,126,45,E,중위도,35˚16´N,126˚45´E,44,대한민국,전남,C,Cfa,1993~2020,1994~2020,기상청 2021,신규
장수,-3,-0.8,4.3,10.5,16,20.1,23.3,23.4,18.3,11.6,5.4,-0.8,10.7,-3,23.4,26.4,31.9,45.5,64.5,96.6,100.5,164.9,339.7,336.5,153.8,63.6,52.1,36.4,"1,486.00",35,39,N,127,31,E,중위도,35˚39´N,127˚31´E,407,대한민국,전북,D,Dwa,1991~2020,1991~2020,기상청 2021,357
장전,-0.3,1.2,5.9,11.9,16.7,20.2,23.6,24.1,20,14.9,8.5,2.1,12.4,-0.3,24.1,24.4,39.7,46.5,49.9,68.6,90.5,141.9,303.4,316.6,191.4,110,95.1,48.7,"1,502.30",38,44,N,128,11,E,중위도,38˚44´N,128˚11´E,35,북한,강원,C,Cfa,1991~2020,1991~2020,기상청 2021,401
장진,-14.8,-11.3,-4.3,3.3,10,14.5,17.9,17.6,11.9,4.8,-3.1,-11.6,2.9,-14.8,17.9,32.7,6.3,10.2,13.3,34.3,66.6,78.9,177.2,139.2,77.6,32.9,26.2,10.9,673.6,40,22,N,127,15,E,중위도,40˚22´N,127˚15´E,"1,081",북한,함남,D,Dwb,1991~2020,1991~2020,기상청 2021,378
장흥,1,2.6,6.8,12.2,17.3,21.4,24.9,25.6,21.2,15,8.7,2.9,13.3,1,25.6,24.6,28.2,42.4,78.7,108.5,121.6,187,275.3,316.5,163.6,63.4,54.8,31.8,"1,471.80",34,41,N,126,55,E,중위도,34˚41´N,126˚55´E,44,대한민국,전남,C,Cwa,1991~2020,1991~2020,기상청 2021,359
전주(완산),0,2,6.8,12.9,18.5,22.8,26.2,26.5,21.9,15.4,8.8,2.2,13.7,0,26.5,26.5,26.9,36.8,53.7,78.4,82.8,159,302.8,289.6,128.2,57.3,49.8,34,"1,299.30",35,49,N,127,9,E,중위도,35˚49´N,127˚9´E,55,대한민국,전북,C,Cwa,1991~2020,1991~2020,기상청 2021,신규
정선군,-4,-1.3,4.6,10.6,16.9,20.9,23.6,24,18.4,12,5.3,-2.4,10.7,-4,24,28,17.5,35.7,37,81.4,66.8,107.4,332.7,202.7,119.2,57.9,47.3,21,"1,126.60",37,22,N,128,38,E,중위도,37˚22´N,128˚38´E,308,대한민국,강원,D,Dwa,2011~2020,2011~2020,기상청 2021,신규
정읍,-0.2,1.7,6.4,12.4,18,22.2,25.7,26.1,21.4,15.1,8.6,2.1,13.3,-0.2,26.1,26.3,36.5,39,56,82.5,87.2,136.1,284,298.1,148.5,61,55.6,45.3,"1,329.80",35,33,N,126,50,E,중위도,35˚33´N,126˚50´E,69,대한민국,전북,C,Cfa,1991~2020,1991~2020,기상청 2021,355
정자,2.9,4.6,8.8,13.5,17.7,21,24.4,25.8,22,16.9,10.9,4.7,14.4,2.9,25.8,22.9,37.1,43.6,67.6,110.4,103.3,128.5,246.8,214,224.7,80.6,51.9,26.4,"1,334.90",35,38,N,129,26,E,중위도,35˚38´N,129˚26´E,8,대한민국,울산,C,Cfa,2000~2020,2000~2020,기상청 2021,신규
제주,6.1,6.8,9.8,14.2,18.3,21.7,26.2,27.2,23.3,18.6,13.3,8.3,16.2,6.1,27.2,21.1,67.5,57.2,90.6,89.7,95.6,171.2,210.2,272.3,227.8,95.1,69.5,55.6,"1,502.30",33,30,N,126,31,E,중위도,33˚30´N,126˚31´E,21,대한민국,제주,C,Cfa,1991~2020,1991~2020,기상청 2021,336
제천,-4.8,-1.9,3.8,10.5,16.2,20.8,23.5,23.8,18.5,11.5,4.4,-2.6,10.3,-4.8,23.8,28.6,20.3,32.2,49.7,85.1,96.9,147.5,356,300.9,145.3,57.4,43.4,24.6,"1,359.30",37,9,N,128,11,E,중위도,37˚9´N,128˚11´E,265,대한민국,충북,D,Dwa,1991~2020,1991~2020,기상청 2021,347
조선대,1.4,3.3,7.8,13.5,18.7,22.7,25.7,26.4,22.1,16.1,9.8,3.4,14.2,1.4,26.4,25,26.8,40.8,55.6,83.8,84.7,140.2,288,319.2,152.4,64.3,46.3,28.8,"1,330.90",35,8,N,126,55,E,중위도,35˚8´N,126˚55´E,111,대한민국,전남,C,Cwa,1996~2020,1996~2020,기상청 2021,신규
중강,-15.9,-10.2,-0.9,7.7,14.9,19.6,22.9,21.8,15.4,7.3,-2.3,-12.6,5.6,-15.9,22.9,38.8,4.8,9.1,17.4,32.3,62.7,89.8,172.7,150.1,60.8,33.7,27.5,12.8,673.7,41,47,N,126,53,E,중위도,41˚47´N,126˚53´E,332,북한,자강,D,Dwa,1991~2020,1991~2020,기상청 2021,384
중구,-3.3,-0.4,5.1,11.7,17.6,21.9,24.3,25.2,20.7,14.3,6.4,-1.2,11.9,-3.3,25.2,28.5,10.9,21.5,30.3,59.7,84.6,114.3,333.8,263.4,103.6,39.1,40.9,15.2,"1,117.30",37,33,N,126,59,E,중위도,37˚33´N,126˚59´E,267,대한민국,서울,D,Dwa,1996~2020,1996~2020,기상청 2021,신규
중랑,-1.4,1.4,7,13.4,19.3,23.7,26.1,26.9,22.3,15.7,8.1,0.6,13.6,-1.4,26.9,28.3,16.4,28.1,36.2,67.6,90,125.6,407.7,319.8,142,49.5,44.3,18.3,"1,345.50",37,35,N,127,5,E,중위도,37˚35´N,127˚5´E,39,대한민국,서울,C,Cwa,1996~2020,1996~2020,기상청 2021,신규
증평,-3.1,-0.5,5.1,11.7,17.5,22.2,25.1,25.4,20.1,13,5.9,-1.2,11.8,-3.1,25.4,28.5,18.9,27.2,38.9,73.4,75.1,131.2,280.1,263.2,124,57.4,43.1,20.7,"1,153.20",36,47,N,127,33,E,중위도,36˚47´N,127˚33´E,75,대한민국,충북,D,Dwa,1993~2020,1994~2020,기상청 2021,신규
진도군,2.1,3.3,7,12.1,17.2,21.3,25.1,26.3,22,16.2,10.2,4.3,13.9,2.1,26.3,24.2,31.9,46.4,75.9,126.5,145.6,153.9,232.6,235.3,155.3,76,52.1,43.2,"1,374.70",34,28,N,126,15,E,중위도,34˚28´N,126˚15´E,10,대한민국,전남,C,Cfa,2002~2020,2002~2020,기상청 2021,362
진부령,-5.5,-3.1,2.1,8.6,14.4,18,21,21.3,16.2,10.7,3.9,-3.2,8.7,-5.5,21.3,26.8,30.8,38.5,54.3,89,99.6,141.5,351.6,316.1,247.6,85,82.6,27.9,"1,564.50",38,15,N,128,22,E,중위도,38˚15´N,128˚22´E,587,대한민국,강원,D,Dwb,1997~2020,1996~2020,기상청 2021,신규
진안,-3.1,-0.7,4.2,10.4,16,20.4,23.6,23.7,18.8,12.1,5.6,-1,10.8,-3.1,23.7,26.8,27.3,34.3,53.2,82.3,87.9,134.7,317.5,306.9,139.5,61.5,49.6,30,"1,324.70",35,45,N,127,26,E,중위도,35˚45´N,127˚26´E,354,대한민국,전북,D,Dwa,1993~2020,1994~2020,기상청 2021,신규
진주,0.3,2.6,7.3,12.9,18,21.8,25.3,25.9,21.4,15,8.2,2.1,13.4,0.3,25.9,25.6,28,45.6,77.6,126.4,137.3,174.3,312.2,296.8,180.7,68.3,44.7,26.1,"1,518.00",35,9,N,128,2,E,중위도,35˚9´N,128˚2´E,29,대한민국,경남,C,Cwa,1991~2020,1991~2020,기상청 2021,340
진천,-2.6,0,5.5,11.8,17.4,21.6,24.5,24.6,19.5,13,6.2,-0.7,11.7,-2.6,24.6,27.2,19.9,25,40.2,72.9,86.8,146.6,309.6,255.7,148.1,62.4,44.6,22.4,"1,234.20",36,51,N,127,27,E,중위도,36˚51´N,127˚27´E,111,대한민국,충북,C,Cwa,1993~2020,1994~2020,기상청 2021,신규
창녕,-0.6,2.1,7.3,13.3,18.7,23,26.1,26.5,21.5,15,7.7,1.1,13.5,-0.6,26.5,27.1,18.2,29.5,53.9,82.5,89.4,128.8,235.4,275.9,164.1,59.9,34.6,20.4,"1,192.60",35,33,N,128,28,E,중위도,35˚33´N,128˚28´E,30,대한민국,경남,C,Cwa,1994~2020,1994~2020,기상청 2021,신규
창원,2.6,4.6,8.7,13.8,18.5,21.8,25.3,26.5,22.6,17.3,10.9,4.6,14.8,2.6,26.5,23.9,29.6,46,78.5,133.8,146.4,190.7,304.5,283.8,172.9,72.3,47.9,27.7,"1,534.10",35,10,N,128,34,E,중위도,35˚10´N,128˚34´E,35,대한민국,경남,C,Cwa,1991~2020,1991~2020,기상청 2021,328
천안,-2.4,0,5.3,11.7,17.5,21.8,24.9,25.2,20.2,13.4,6.5,-0.2,12,-2.4,25.2,27.6,19,27,38.3,67.5,78.7,127,284.1,299.7,146.4,55.5,47.6,27.9,"1,218.70",36,45,N,127,17,E,중위도,36˚45´N,127˚17´E,85,대한민국,충남,C,Cwa,1991~2020,1991~2020,기상청 2021,349
철원,-5.7,-2.3,3.7,10.5,16.6,21.1,23.8,24,18.9,11.8,4.3,-3.2,10.3,-5.7,24,29.7,18.2,26.3,30.8,69,102.4,119,400,347.4,121.2,49.9,48.1,22.1,"1,354.40",38,8,N,127,18,E,중위도,38˚8´N,127˚18´E,155,대한민국,강원,D,Dwa,1991~2020,1991~2020,기상청 2021,303
청도,-1.1,1.6,6.9,12.9,18.2,22.1,25.5,25.7,20.6,14.1,7.2,0.8,12.9,-1.1,25.7,26.8,20.1,29.7,57,85.7,95.1,138.1,243.6,255.4,163.3,54.1,34.4,20.4,"1,196.90",35,39,N,128,43,E,중위도,35˚39´N,128˚43´E,78,대한민국,경북,C,Cwa,1993~2020,1994~2020,기상청 2021,신규
청송군,-2.8,-0.2,5.2,11,16.8,20.6,24.1,24.4,18.6,12.2,5.8,-1.2,11.2,-2.8,24.4,27.2,16.8,24.1,46.4,81.7,56.7,93.7,196.6,174.5,137.6,83.8,37.6,17.7,967.2,36,26,N,129,2,E,중위도,36˚26´N,129˚2´E,209,대한민국,경북,C,Cwa,2011~2020,2011~2020,기상청 2021,365
청양,-2.5,-0.2,4.8,11,16.8,21.4,24.9,25.2,19.9,13,6.2,-0.4,11.7,-2.5,25.2,27.7,21.8,34.1,44.7,84.1,90.1,134.4,290.4,296.6,143.4,65.1,54.9,31.8,"1,291.40",36,25,N,126,46,E,중위도,36˚25´N,126˚46´E,99,대한민국,충남,C,Cwa,1993~2020,1994~2020,기상청 2021,신규
청주,-1.5,1,6.5,13,18.7,23,25.8,26.2,21.3,14.6,7.5,0.6,13.1,-1.5,26.2,27.7,20.6,29,42.9,75.5,82.8,140,293.8,274.2,142.3,58,46.6,26.7,"1,232.40",36,38,N,127,26,E,중위도,36˚38´N,127˚26´E,59,대한민국,충북,C,Cwa,1991~2020,1991~2020,기상청 2021,319
청진,-4.7,-3,1.9,7.7,12.1,16.3,20.6,22.1,18,11.7,3.8,-2.5,8.7,-4.7,22.1,26.8,12.2,7.4,15.1,29.6,64.7,73.8,126.7,126.1,79.8,34,29.2,15.3,613.9,41,47,N,129,49,E,중위도,41˚47´N,129˚49´E,43,북한,함북,D,Dwa,1991~2020,1991~2020,기상청 2021,376
추자도,5,5.7,8.6,12.5,16.3,19.9,24.3,26.2,22.9,18.4,12.8,7.5,15,5,26.2,21.2,27.2,40.3,73,79.6,92.5,152.7,190.3,201.8,132.9,57.9,46.6,32.9,"1,127.70",33,57,N,126,18,E,중위도,33˚57´N,126˚18´E,8,대한민국,제주,C,Cfa,1993~2020,1994~2020,기상청 2021,신규
추풍령,-1.7,0.5,5.6,12,17.1,21.1,23.9,24.2,19.3,13.1,6.6,0.1,11.8,-1.7,24.2,25.9,24.1,34.2,52.9,80.3,80.1,136.6,260.7,263.9,135.6,58.1,43,25.8,"1,195.30",36,13,N,127,59,E,중위도,36˚13´N,127˚59´E,245,대한민국,충북,C,Cwa,1991~2020,1991~2020,기상청 2021,321
춘천,-4.1,-1,5,11.7,17.6,22.2,24.9,25,19.8,12.7,5.3,-2,11.4,-4.1,25,29.1,18.6,27.6,33.5,71.5,99.4,122.9,398.2,319.9,128.1,49.3,48.3,24.2,"1,341.50",37,54,N,127,44,E,중위도,37˚54´N,127˚44´E,76,대한민국,강원,D,Dwa,1991~2020,1991~2020,기상청 2021,306
충주,-3.2,-0.5,5.3,11.9,17.5,22.1,24.9,25.2,19.9,12.9,5.7,-1.3,11.7,-3.2,25.2,28.4,20,29.4,41.5,73.8,87.4,134.7,293.3,273,140.2,56.7,39.4,24.9,"1,214.30",36,58,N,127,57,E,중위도,36˚58´N,127˚57´E,115,대한민국,충북,D,Dwa,1991~2020,1991~2020,기상청 2021,316
칠곡,-0.4,2,7.2,13.3,18.8,23,25.7,26,21,14.5,7.6,1.1,13.3,-0.4,26,26.4,13.5,22,43,69.9,79.3,119.4,224.5,225.9,145.1,54,30.9,14,"1,041.50",36,2,N,128,22,E,중위도,36˚2´N,128˚22´E,30,대한민국,경북,C,Cwa,1993~2020,1994~2020,기상청 2021,신규
태백,-4.7,-2.5,2.4,8.9,14.5,18.1,21.4,21.3,16.2,10.5,4.2,-2.3,9,-4.7,21.4,26.1,26.6,28.8,54.8,85.8,90.2,140.4,274.2,278.7,198.4,65.5,45.2,19.4,"1,308.00",37,10,N,128,59,E,중위도,37˚10´N,128˚59´E,714,대한민국,강원,D,Dwb,1991~2020,1991~2020,기상청 2021,346
태안,-0.5,1.1,5.3,11,16.7,21.3,24.7,25.9,21.8,15.5,8.5,1.9,12.8,-0.5,25.9,26.4,18.1,29.6,34.5,72,89.1,127.6,269.5,257.8,123.4,55.6,52.9,27.1,"1,157.20",36,45,N,126,17,E,중위도,36˚45´N,126˚17´E,42,대한민국,충남,C,Cwa,1993~2020,1994~2020,기상청 2021,신규
통영,3.1,4.8,8.7,13.3,17.6,20.9,24.4,26,22.5,17.4,11.3,5.4,14.6,3.1,26,22.9,32.2,49.5,92.4,138.8,159.6,195.8,289.1,243.9,177.1,76.4,48.6,32.4,"1,535.80",34,50,N,128,26,E,중위도,34˚50´N,128˚26´E,31,대한민국,경남,C,Cfa,1991~2020,1991~2020,기상청 2021,331
파주,-4.6,-1.3,4.4,10.8,16.8,21.4,24.2,24.9,19.9,12.6,5.2,-2.6,11,-4.6,24.9,29.5,17.4,27.9,31.5,74.2,102,107.4,395.2,282.9,134.5,50.1,52.7,20,"1,295.80",37,53,N,126,45,E,중위도,37˚53´N,126˚45´E,31,대한민국,경기,D,Dwa,2002~2020,2002~2020,기상청 2021,신규
평강,-7,-3.6,2.4,9.2,15.3,19.9,22.5,22.9,17.9,11.1,3.4,-4.4,9.1,-7,22.9,29.9,11.5,24,25.4,65.6,92.5,114.6,369.9,286.6,108.4,51.4,40.4,21.6,"1,211.90",38,25,N,127,17,E,중위도,38˚25´N,127˚17´E,371,북한,강원,D,Dwa,1991~2020,1991~2020,기상청 2021,400
평양,-5.4,-2,4,11.4,17.4,21.9,24.7,25,20.2,12.9,4.8,-2.9,11,-5.4,25,30.4,9.6,14.5,23.9,44.8,74.7,90.2,274.7,209.6,90.8,47.2,38.4,18,936.4,39,2,N,125,47,E,중위도,39˚2´N,125˚47´E,38,북한,평남,D,Dwa,1991~2020,1991~2020,기상청 2021,392
평창,-4.9,-1.9,3.9,10.4,16.2,20.4,22.9,23.3,18.3,11.6,4.5,-2.9,10.2,-4.9,23.3,28.2,27.2,22.8,40.3,71,80.3,139.2,310,254.3,135,49.7,35.6,17.5,"1,182.90",37,22,N,128,23,E,중위도,37˚22´N,128˚23´E,303,대한민국,강원,D,Dwa,1993~2020,1994~2020,기상청 2021,신규
평택,-2,0.7,5.9,12.5,18.4,22.8,25.7,26.2,21.6,14.9,7.6,0.3,12.9,-2,26.2,28.2,17.5,25,33.1,65.8,77.6,109.5,300.6,257.1,139.4,53.6,44.3,20.8,"1,144.30",36,59,N,127,6,E,중위도,36˚59´N,127˚6´E,27,대한민국,경기,C,Cwa,1993~2020,1994~2020,기상청 2021,신규
포천,-4.5,-1.1,4.8,11.6,17.6,22.4,24.9,25.3,19.9,12.7,5.2,-2.4,11.4,-4.5,25.3,29.8,13,21.1,29.6,67.3,91.6,128.2,397.1,378.1,124.6,56.1,44.1,17.4,"1,368.20",37,52,N,127,10,E,중위도,37˚52´N,127˚10´E,105,대한민국,경기,D,Dwa,1993~2020,1994~2020,기상청 2021,신규
포항,2.2,4.3,8.6,14.1,18.6,21.8,25.4,26,21.9,16.9,10.6,4.3,14.6,2.2,26,23.8,39.8,36.5,60.5,81.2,84.6,126.8,200.6,230.2,189.3,76.7,40.1,26.1,"1,192.40",36,1,N,129,22,E,중위도,36˚1´N,129˚22´E,4,대한민국,경북,C,Cfa,1991~2020,1991~2020,기상청 2021,323
풍산,-14.4,-10.7,-3.8,3.9,10.3,14.6,17.9,17.4,11.7,4.6,-4,-11.9,3,-14.4,17.9,32.3,6.4,6.6,13.4,26.8,49.2,93.4,157.2,132,64.5,30.1,20.7,9.5,609.8,40,49,N,128,9,E,중위도,40˚49´N,128˚9´E,"1,206",북한,양강,D,Dwb,1991~2020,1991~2020,기상청 2021,383
풍암,0.6,2.8,7.3,13.1,18.9,23.1,26.2,27.1,22.5,16,9.5,2.7,14.2,0.6,27.1,26.5,22.3,41.1,55,93.6,102.7,126.9,328.1,321.6,148.3,64.6,46.1,31.1,"1,381.40",35,7,N,126,52,E,중위도,35˚7´N,126˚52´E,65,대한민국,광주,C,Cwa,2003~2020,2003~2020,기상청 2021,신규
하남,-2.4,0.7,6.2,12.4,18.3,22.9,25.1,26,20.8,14.2,7.2,-0.6,12.6,-2.4,26,28.4,11.6,18.3,31,57.2,66.8,103.1,379.1,230.9,120.3,34.5,42,15.8,"1,110.60",37,32,N,127,12,E,중위도,37˚32´N,127˚12´E,37,대한민국,경기,C,Cwa,2004~2020,2004~2020,기상청 2021,신규
하동,1.7,3.8,8.3,13.8,18.9,22.6,26,26.9,22.5,16.3,9.5,3.4,14.5,1.7,26.9,25.2,24.6,47.2,81.8,137,155.9,194.7,357.7,337.8,185.8,74.3,50.7,27.6,"1,675.10",35,3,N,127,45,E,중위도,35˚3´N,127˚45´E,4,대한민국,경남,C,Cwa,1995~2020,1995~2020,기상청 2021,신규
함안,-0.7,2.1,7.1,13,18.4,22.3,25.6,26.1,21,14.4,7.6,1,13.2,-0.7,26.1,26.8,23.7,38.8,64.6,89.1,98.2,138.8,258.4,253.6,178.4,69.1,40.8,23.6,"1,277.10",35,17,N,128,23,E,중위도,35˚17´N,128˚23´E,8,대한민국,경남,C,Cwa,1993~2020,1994~2020,기상청 2021,신규
함양군,-0.3,1.8,7,12.4,18,22,25.2,25.4,19.9,13.6,7.8,1.2,12.8,-0.3,25.4,25.7,22.8,30.5,60.5,104.7,64.4,114,285.1,289.1,165.1,115.6,50.9,22.4,"1,325.10",35,30,N,127,44,E,중위도,35˚30´N,127˚44´E,152,대한민국,경남,C,Cwa,2011~2020,2011~2020,기상청 2021,신규
함평,0.9,2.7,6.7,12.4,17.7,22.2,25.9,26.6,22.1,15.7,9.4,3,13.8,0.9,26.6,25.7,28.8,36.3,54.9,84.1,93.8,151.4,268.4,240.5,141,71.8,47.4,37.7,"1,256.10",35,3,N,126,31,E,중위도,35˚3´N,126˚31´E,10,대한민국,전남,C,Cfa,1994~2020,1994~2020,기상청 2021,신규
함흥,-3.4,-1,4.2,10.8,16,19.8,23.1,23.5,19,12.8,5.4,-1.2,10.8,-3.4,23.5,26.9,12.3,11.2,20.3,44.9,72.2,85.3,205,172.8,95.8,41.8,49.4,19,830,39,56,N,127,33,E,중위도,39˚56´N,127˚33´E,38,북한,함남,D,Dwa,1991~2020,1991~2020,기상청 2021,380
합천,-0.2,2.2,7.3,13.2,18.2,22.2,25.3,25.6,20.9,14.5,7.8,1.7,13.2,-0.2,25.6,25.8,19.7,31.3,54,81.9,94.1,146.7,289.5,294.8,158.6,64.5,34.7,20.1,"1,289.90",35,33,N,128,10,E,중위도,35˚33´N,128˚10´E,27,대한민국,경남,C,Cwa,1991~2020,1991~2020,기상청 2021,371
해남,1.3,2.7,6.7,12.1,17.3,21.5,25,25.9,21.5,15.4,9.3,3.3,13.5,1.3,25.9,24.6,30.4,39.3,78.3,94.5,102.4,160.9,226.6,248.4,150.4,65.1,51.1,34.6,"1,282.00",34,33,N,126,34,E,중위도,34˚33´N,126˚34´E,16,대한민국,전남,C,Cfa,1991~2020,1991~2020,기상청 2021,360
해운대,3.9,5.7,9.4,13.8,17.9,21.1,24.4,26.1,22.6,17.9,12,5.9,15.1,3.9,26.1,22.2,37.4,52.5,85,148.8,155.6,182.1,302,205.1,158.3,94.4,53.7,34.8,"1,509.70",35,10,N,129,9,E,중위도,35˚10´N,129˚9´E,64,대한민국,부산,C,Cfa,1996~2020,1996~2020,기상청 2021,신규
해주,-2.7,-0.4,4.8,11.2,16.7,21.3,24.1,25.3,21.1,14.6,6.8,-0.3,11.9,-2.7,25.3,28,9.6,17.6,27.5,51.4,108.7,108,305.2,252.8,96.2,42.6,34.8,15,"1,069.40",38,2,N,125,42,E,중위도,38˚2´N,125˚42´E,81,북한,황남,C,Cwa,1991~2020,1991~2020,기상청 2021,398
혜산,-15.9,-11.2,-2.7,6,12.8,17.5,21.1,20.3,13.8,5.8,-4,-13.2,4.2,-15.9,21.1,37,5,9.1,11.6,30,62.4,86.8,135.2,112.9,48.9,27.7,19.6,9.8,559,41,24,N,128,10,E,중위도,41˚24´N,128˚10´E,714,북한,양강,D,Dwb,1991~2020,1991~2020,기상청 2021,382
홍북,-2.1,0.2,5.3,11.5,17.2,21.5,24.9,25.4,20.4,13.8,6.8,0.1,12.1,-2.1,25.4,27.5,23,29.9,39.4,78.5,93.2,133.8,283,241.2,159.5,62.3,54.5,29.8,"1,228.10",36,37,N,126,38,E,중위도,36˚37´N,126˚38´E,87,대한민국,충남,C,Cwa,1994~2020,1994~2020,기상청 2021,신규
홍천,-4.8,-1.7,4.4,11.2,16.9,21.6,24.5,24.7,19.2,12,4.6,-2.6,10.8,-4.8,24.7,29.5,15.8,26.2,36.7,74.8,101.3,124.9,395.7,312.5,141.3,49.7,40.9,19.1,"1,338.90",37,41,N,127,52,E,중위도,37˚41´N,127˚52´E,140,대한민국,강원,D,Dwa,1991~2020,1991~2020,기상청 2021,345
화성,-2,0.3,5.3,11.5,17,21.6,24.8,25.8,21.4,14.7,7.4,0.1,12.3,-2,25.8,27.8,13.5,22.2,32.5,63.3,72.2,102,327.3,232.9,128.2,46,43.9,18.2,"1,102.20",37,11,N,126,49,E,중위도,37˚11´N,126˚49´E,45,대한민국,경기,C,Cwa,1995~2020,1995~2020,기상청 2021,신규
화순,0.1,2.3,6.8,12.7,18.1,22.3,25.4,26,21.7,15,8.6,2.2,13.4,0.1,26,25.9,28.6,40.4,56.9,83.7,90,140.9,288.3,296,134.3,62.8,55,31.1,"1,308.00",35,3,N,126,59,E,중위도,35˚3´N,126˚59´E,95,대한민국,전남,C,Cwa,1993~2020,1994~2020,기상청 2021,신규
화천,-5.5,-2,4.1,10.8,16.8,21.3,24.1,24.1,18.8,11.8,4.4,-3.2,10.5,-5.5,24.1,29.6,15.4,21.2,28.4,65.8,88.1,126.1,358.4,341.6,114,42.1,42.4,14.4,"1,257.90",38,5,N,127,42,E,중위도,38˚5´N,127˚42´E,106,대한민국,강원,D,Dwa,1993~2020,1994~2020,기상청 2021,신규
횡성,-4.3,-1.3,4.6,11.3,17.1,21.7,24.5,24.8,19.4,12.4,5,-2.4,11.1,-4.3,24.8,29.1,17.8,24,43.5,71.7,91.8,141.2,397,283,147.6,55.1,41.1,17.7,"1,331.50",37,29,N,127,58,E,중위도,37˚29´N,127˚58´E,114,대한민국,강원,D,Dwa,1993~2020,1994~2020,기상청 2021,신규
흑산도,3.4,3.8,6.5,10.7,15.2,19.2,22.9,24.7,21.3,16.9,11.5,5.9,13.5,3.4,24.7,21.3,23,32.8,50.8,88.8,96.7,157.5,208.1,211.2,120.5,58.7,46.1,33.1,"1,127.30",34,41,N,125,27,E,중위도,34˚41´N,125˚27´E,75,대한민국,전남,C,Cfa,1997~2020,1997~2020,기상청 2021,334
희천,-8.5,-4.5,2.2,9.7,16.1,20.9,23.8,23.8,18.2,10.6,2.2,-6.2,9,-8.5,23.8,32.3,8.2,15.4,23.6,45.9,75.8,110.9,295.6,255.7,89.6,56.7,52.4,21.3,"1,051.10",40,10,N,126,15,E,중위도,40˚10´N,126˚15´E,155,북한,자강,D,Dwa,1991~2020,1991~2020,기상청 2021,386
